property_type,n_rooms,dist_centre_km,outdoor_space,near_underground,intercept,beta_prop,beta_room,beta_dist,beta_outdoor,beta_under,premium,monthly_rent_gbp,listing_type
Flat,4,2.1912215353974536,Nothing,0,7.5,0.0,0.15,-0.05,0.0,0.0,0.0,3102.9555469975594,Owner
House,5,7.5754739216322715,Nothing,0,7.5,0.2,0.15,-0.05,0.0,0.0,0.0,3157.070671004014,Owner
Flat,5,4.149337359383612,Nothing,1,7.5,0.0,0.15,-0.05,0.0,0.1,0.0,3667.633777523413,Owner
Flat,4,1.5133859130711893,Garden,0,7.5,0.0,0.15,-0.05,0.15,0.0,0.0,4132.482892692366,Owner
Flat,2,5.9364490355723625,Nothing,0,7.5,0.0,0.15,-0.05,0.0,0.0,0.0,1771.81940622614,Owner
Flat,7,4.189604160774717,Terrace,0,7.5,0.0,0.15,-0.05,0.1,0.0,0.0,4523.793072585803,Owner
Flat,4,7.95415081360898,Garden,0,7.5,0.0,0.15,-0.05,0.15,0.0,0.0,3011.5607377084757,Owner
House,3,6.64060249869231,Terrace,1,7.5,0.2,0.15,-0.05,0.1,0.1,0.0,3277.0973259919083,Owner
Flat,1,4.709426506615993,Balcony,0,7.5,0.0,0.15,-0.05,0.05,0.0,0.0,1665.0013880464112,Owner
Flat,4,3.3488886813008123,Terrace,0,7.5,0.0,0.15,-0.05,0.1,0.0,0.0,3251.304470372954,Owner
Flat,4,0.7146319423761691,Nothing,0,7.5,0.0,0.15,-0.05,0.0,0.0,0.0,3034.8783903092212,Owner
House,4,1.5145404636634514,Terrace,0,7.5,0.2,0.15,-0.05,0.1,0.0,0.0,3935.133165046822,Owner
House,1,2.7158787331419076,Nothing,1,7.5,0.2,0.15,-0.05,0.0,0.1,0.0,2536.1495648641517,Owner
Flat,2,4.572702409857453,Terrace,0,7.5,0.0,0.15,-0.05,0.1,0.0,0.0,1772.3060931428768,Owner
Flat,8,3.604728573631553,Garden,0,7.5,0.0,0.15,-0.05,0.15,0.0,0.0,4901.378583336555,Owner
Flat,7,1.6996828341644223,Garden,0,7.5,0.0,0.15,-0.05,0.15,0.0,0.0,5212.355299154525,Owner
Flat,3,0.03242671116690151,Terrace,0,7.5,0.0,0.15,-0.05,0.1,0.0,0.0,2827.351120261426,Owner
Flat,3,3.4282688510986774,Balcony,0,7.5,0.0,0.15,-0.05,0.05,0.0,0.0,2591.5496356687627,Owner
Flat,2,1.6817431412409147,Garden,1,7.5,0.0,0.15,-0.05,0.15,0.1,0.0,2630.976727186049,Owner
Flat,1,6.63274216899862,Terrace,1,7.5,0.0,0.15,-0.05,0.1,0.1,0.0,1598.998094924689,Owner
Flat,5,0.12118819004625181,Balcony,1,7.5,0.0,0.15,-0.05,0.05,0.1,0.0,5117.930654999402,Owner
Flat,3,4.395309661438342,Garden,1,7.5,0.0,0.15,-0.05,0.15,0.1,0.0,2857.369961592868,Owner
Flat,6,14.191441185867115,Terrace,0,7.5,0.0,0.15,-0.05,0.1,0.0,0.0,2433.7310277491188,Owner
Flat,6,0.9582805450842118,Garden,0,7.5,0.0,0.15,-0.05,0.15,0.0,0.0,4271.033669634318,Owner
Flat,2,3.1899768612348387,Nothing,1,7.5,0.0,0.15,-0.05,0.0,0.1,0.0,2177.7834761658605,Owner
House,2,0.47937265009403307,Nothing,1,7.5,0.2,0.15,-0.05,0.0,0.1,0.0,3252.3192183232977,Owner
Flat,3,4.913246705322382,Nothing,1,7.5,0.0,0.15,-0.05,0.0,0.1,0.0,2184.7098500908405,Owner
Flat,6,3.998449535949602,Garden,0,7.5,0.0,0.15,-0.05,0.15,0.0,0.0,4392.471470699009,Owner
Flat,3,2.615887341856334,Nothing,0,7.5,0.0,0.15,-0.05,0.0,0.0,0.0,2342.892986873699,Owner
Flat,3,3.684210463478995,Nothing,1,7.5,0.0,0.15,-0.05,0.0,0.1,0.0,2531.633693150819,Owner
Flat,4,11.344526322154412,Nothing,1,7.5,0.0,0.15,-0.05,0.0,0.1,0.0,1944.194482917213,Owner
Flat,3,1.0926106223277317,Garden,1,7.5,0.0,0.15,-0.05,0.15,0.1,0.0,4148.894894721124,Owner
Flat,7,0.11411492965000414,Nothing,0,7.5,0.0,0.15,-0.05,0.0,0.0,0.0,5130.428849392843,Owner
House,3,9.890380829046354,Nothing,0,7.5,0.2,0.15,-0.05,0.0,0.0,0.0,1900.1913405792504,Owner
House,3,4.303299643822846,Terrace,0,7.5,0.2,0.15,-0.05,0.1,0.0,0.0,3351.2527462466383,Owner
House,3,11.066394298015023,Nothing,1,7.5,0.2,0.15,-0.05,0.0,0.1,0.0,1948.0729264975762,Owner
Flat,6,4.543414021101691,Terrace,0,7.5,0.0,0.15,-0.05,0.1,0.0,0.0,3998.6642964361076,Owner
Flat,5,8.30789704168021,Terrace,0,7.5,0.0,0.15,-0.05,0.1,0.0,0.0,2295.3443057361037,Owner
Flat,9,2.807730177683868,Garden,1,7.5,0.0,0.15,-0.05,0.15,0.1,0.0,6814.4108148499,Owner
Flat,4,6.928671215841588,Nothing,0,7.5,0.0,0.15,-0.05,0.0,0.0,0.0,2376.1874317664456,Owner
Flat,3,12.2116195243503,Garden,1,7.5,0.0,0.15,-0.05,0.15,0.1,0.0,2128.6977394141713,Owner
Flat,4,4.244597115474032,Terrace,0,7.5,0.0,0.15,-0.05,0.1,0.0,0.0,2995.621412535706,Owner
Flat,2,0.9970444905313678,Garden,1,7.5,0.0,0.15,-0.05,0.15,0.1,0.0,2947.1177777258495,Owner
House,5,1.5653249856366385,Terrace,0,7.5,0.2,0.15,-0.05,0.1,0.0,0.0,4636.074995785913,Owner
Flat,4,1.1072535305364735,Garden,1,7.5,0.0,0.15,-0.05,0.15,0.1,0.0,3452.262611337297,Owner
Flat,6,1.4175009940727592,Nothing,1,7.5,0.0,0.15,-0.05,0.0,0.1,0.0,4260.494572931185,Owner
Flat,3,1.8294106395736867,Nothing,0,7.5,0.0,0.15,-0.05,0.0,0.0,0.0,2471.2159376133613,Owner
Flat,1,4.049908432038345,Garden,0,7.5,0.0,0.15,-0.05,0.15,0.0,0.0,2215.463246002713,Owner
Flat,3,4.433558065018187,Garden,0,7.5,0.0,0.15,-0.05,0.15,0.0,0.0,2731.7123492460373,Owner
Flat,4,2.7799845084185435,Garden,0,7.5,0.0,0.15,-0.05,0.15,0.0,0.0,2792.5118069926534,Owner
House,5,4.778027384912371,Nothing,1,7.5,0.2,0.15,-0.05,0.0,0.1,0.0,4202.803273474938,Owner
House,2,0.4254747576855111,Terrace,0,7.5,0.2,0.15,-0.05,0.1,0.0,0.0,3103.2897394748074,Owner
House,1,0.4594155982650752,Terrace,0,7.5,0.2,0.15,-0.05,0.1,0.0,0.0,2589.8028187953037,Owner
House,5,0.9426809002664526,Garden,0,7.5,0.2,0.15,-0.05,0.15,0.0,0.0,5508.422612126425,Owner
Flat,4,3.649859810873943,Nothing,1,7.5,0.0,0.15,-0.05,0.0,0.1,0.0,3363.061375194453,Owner
House,4,1.203958582359604,Nothing,1,7.5,0.2,0.15,-0.05,0.0,0.1,0.0,4595.946888126554,Owner
Flat,2,1.6653808733135569,Nothing,0,7.5,0.0,0.15,-0.05,0.0,0.0,0.0,2064.8424436549094,Owner
Flat,4,2.5567357668028374,Nothing,0,7.5,0.0,0.15,-0.05,0.0,0.0,0.0,2810.849343343218,Owner
Flat,5,8.353007316259138,Garden,0,7.5,0.0,0.15,-0.05,0.15,0.0,0.0,3027.450052414733,Owner
Flat,5,0.06979556282118814,Garden,0,7.5,0.0,0.15,-0.05,0.15,0.0,0.0,4885.684778902266,Owner
Flat,2,5.240244491350255,Garden,0,7.5,0.0,0.15,-0.05,0.15,0.0,0.0,2079.8901351230115,Owner
Flat,6,5.526319775775111,Garden,0,7.5,0.0,0.15,-0.05,0.15,0.0,0.0,3847.2662631330463,Owner
House,7,8.013696500504556,Garden,0,7.5,0.2,0.15,-0.05,0.15,0.0,0.0,4397.017185239183,Owner
Flat,1,13.496909824771476,Garden,0,7.5,0.0,0.15,-0.05,0.15,0.0,0.0,1102.718580198023,Owner
Flat,5,0.10171689702263215,Balcony,0,7.5,0.0,0.15,-0.05,0.05,0.0,0.0,4342.331684805157,Owner
Flat,3,0.8349014240557615,Nothing,0,7.5,0.0,0.15,-0.05,0.0,0.0,0.0,3114.6713861826006,Owner
Flat,3,10.865302700153755,Nothing,0,7.5,0.0,0.15,-0.05,0.0,0.0,0.0,1635.2219982072359,Owner
House,4,3.0672324616451734,Nothing,1,7.5,0.2,0.15,-0.05,0.0,0.1,0.0,4217.4740720993605,Owner
Flat,2,4.157343152448335,Nothing,1,7.5,0.0,0.15,-0.05,0.0,0.1,0.0,2271.728887150786,Owner
House,1,5.4387653755107825,Garden,0,7.5,0.2,0.15,-0.05,0.15,0.0,0.0,2129.302532956306,Owner
House,4,5.6826083401094865,Nothing,0,7.5,0.2,0.15,-0.05,0.0,0.0,0.0,3140.0975444943197,Owner
Flat,4,13.422186220273499,Garden,1,7.5,0.0,0.15,-0.05,0.15,0.1,0.0,2521.714599160357,Owner
Flat,2,28.96211347018033,Nothing,1,7.5,0.0,0.15,-0.05,0.0,0.1,0.0,631.635017000039,Owner
House,3,6.36764097232243,Balcony,0,7.5,0.2,0.15,-0.05,0.05,0.0,0.0,3096.6690629472423,Owner
Flat,5,1.6929207902268364,Nothing,0,7.5,0.0,0.15,-0.05,0.0,0.0,0.0,2706.4130790159297,Owner
Flat,3,10.59101173847779,Garden,0,7.5,0.0,0.15,-0.05,0.15,0.0,0.0,2106.1979118451377,Owner
House,2,0.2523677026024477,Garden,0,7.5,0.2,0.15,-0.05,0.15,0.0,0.0,3449.8510034730753,Owner
Flat,1,1.313847276415242,Nothing,0,7.5,0.0,0.15,-0.05,0.0,0.0,0.0,1909.1376007286715,Owner
Flat,2,11.383890749635237,Garden,0,7.5,0.0,0.15,-0.05,0.15,0.0,0.0,1619.6762137130652,Owner
Flat,4,1.4798584458301167,Nothing,0,7.5,0.0,0.15,-0.05,0.0,0.0,0.0,2508.023285623045,Owner
House,2,1.246481998352206,Nothing,0,7.5,0.2,0.15,-0.05,0.0,0.0,0.0,2739.9877026788668,Owner
Flat,3,0.7432268527692112,Nothing,0,7.5,0.0,0.15,-0.05,0.0,0.0,0.0,2831.466104199881,Owner
Flat,2,9.798941551541256,Nothing,0,7.5,0.0,0.15,-0.05,0.0,0.0,0.0,1733.4039004955976,Owner
Flat,6,3.466318528654564,Nothing,0,7.5,0.0,0.15,-0.05,0.0,0.0,0.0,3550.547343100743,Owner
Flat,2,5.618007723221529,Garden,0,7.5,0.0,0.15,-0.05,0.15,0.0,0.0,1974.8549933469394,Owner
Flat,6,1.3660457880636798,Nothing,0,7.5,0.0,0.15,-0.05,0.0,0.0,0.0,3950.202041122614,Owner
Flat,2,7.094922978741559,Nothing,1,7.5,0.0,0.15,-0.05,0.0,0.1,0.0,2073.086964997801,Owner
Flat,1,7.135697299578956,Nothing,0,7.5,0.0,0.15,-0.05,0.0,0.0,0.0,1519.4295479343637,Owner
House,2,1.8741802064597282,Garden,1,7.5,0.2,0.15,-0.05,0.15,0.1,0.0,3305.4072573229955,Owner
Flat,4,2.6439520851583853,Nothing,1,7.5,0.0,0.15,-0.05,0.0,0.1,0.0,3358.095037499537,Owner
Flat,4,1.1766517823414586,Nothing,0,7.5,0.0,0.15,-0.05,0.0,0.0,0.0,3136.5387619876606,Owner
Flat,6,18.766774861734074,Nothing,0,7.5,0.0,0.15,-0.05,0.0,0.0,0.0,1917.0172778473045,Owner
House,3,5.186681659435815,Terrace,0,7.5,0.2,0.15,-0.05,0.1,0.0,0.0,2753.038824450385,Owner
Flat,1,13.631876477177027,Garden,1,7.5,0.0,0.15,-0.05,0.15,0.1,0.0,1320.3339308206969,Owner
House,4,1.8076158425404136,Balcony,1,7.5,0.2,0.15,-0.05,0.05,0.1,0.0,4106.8368674633075,Owner
Flat,4,7.613799711270445,Nothing,1,7.5,0.0,0.15,-0.05,0.0,0.1,0.0,2149.4311820367075,Owner
Flat,2,7.25915130024136,Nothing,0,7.5,0.0,0.15,-0.05,0.0,0.0,0.0,1748.7463918335516,Owner
Flat,5,5.882690535499076,Terrace,0,7.5,0.0,0.15,-0.05,0.1,0.0,0.0,3235.6043334395154,Owner
Flat,5,16.854161794382893,Garden,0,7.5,0.0,0.15,-0.05,0.15,0.0,0.0,1915.6327330499269,Owner
Flat,4,2.500708965940357,Terrace,0,7.5,0.0,0.15,-0.05,0.1,0.0,0.0,3138.517514786703,Owner
Flat,3,0.7004345865100579,Terrace,0,7.5,0.0,0.15,-0.05,0.1,0.0,0.0,2626.5886618285704,Owner
Flat,3,5.5692722002376644,Nothing,0,7.5,0.0,0.15,-0.05,0.0,0.0,0.0,2057.9628355671643,Owner
Flat,4,6.533901436091264,Nothing,1,7.5,0.0,0.15,-0.05,0.0,0.1,0.0,2537.750852375094,Owner
Flat,4,4.279043230004657,Balcony,0,7.5,0.0,0.15,-0.05,0.05,0.0,0.0,2580.71071672097,Owner
House,3,1.1585122037602504,Terrace,0,7.5,0.2,0.15,-0.05,0.1,0.0,0.0,3554.415166741355,Owner
Flat,4,3.51049506125729,Garden,0,7.5,0.0,0.15,-0.05,0.15,0.0,0.0,3343.8574095765707,Owner
Flat,3,1.8712112949002624,Nothing,1,7.5,0.0,0.15,-0.05,0.0,0.1,0.0,3446.3053576894267,Owner
House,4,2.7884203958921567,Balcony,1,7.5,0.2,0.15,-0.05,0.05,0.1,0.0,4138.285131194728,Owner
Flat,3,5.181266928682797,Terrace,0,7.5,0.0,0.15,-0.05,0.1,0.0,0.0,2481.6816465187685,Owner
Flat,4,6.8366710840610665,Balcony,0,7.5,0.0,0.15,-0.05,0.05,0.0,0.0,2442.364372481746,Owner
Flat,3,1.3212907745905906,Nothing,0,7.5,0.0,0.15,-0.05,0.0,0.0,0.0,2190.8794986317234,Owner
Flat,1,2.59870423808171,Nothing,1,7.5,0.0,0.15,-0.05,0.0,0.1,0.0,2033.295999760065,Owner
House,7,1.5678143550541637,Nothing,0,7.5,0.2,0.15,-0.05,0.0,0.0,0.0,5870.131433232435,Owner
House,2,1.107172649255106,Garden,0,7.5,0.2,0.15,-0.05,0.15,0.0,0.0,4192.135625068195,Owner
Flat,2,7.648219716832733,Balcony,0,7.5,0.0,0.15,-0.05,0.05,0.0,0.0,1717.0327208078006,Owner
House,3,11.998382485218567,Garden,0,7.5,0.2,0.15,-0.05,0.15,0.0,0.0,2276.138418525759,Owner
House,2,2.3120203811650066,Nothing,1,7.5,0.2,0.15,-0.05,0.0,0.1,0.0,2924.643301344068,Owner
Flat,4,6.95711594296932,Garden,0,7.5,0.0,0.15,-0.05,0.15,0.0,0.0,2404.9307767983205,Owner
House,4,11.364902787360888,Terrace,0,7.5,0.2,0.15,-0.05,0.1,0.0,0.0,2824.3602057306534,Owner
Flat,6,9.35804781949586,Nothing,0,7.5,0.0,0.15,-0.05,0.0,0.0,0.0,3002.771313172611,Owner
House,3,1.0094389980158063,Nothing,0,7.5,0.2,0.15,-0.05,0.0,0.0,0.0,3563.9731140438794,Owner
House,3,15.651107082044257,Terrace,1,7.5,0.2,0.15,-0.05,0.1,0.1,0.0,1766.0591959953808,Owner
Flat,3,2.363447688789533,Terrace,0,7.5,0.0,0.15,-0.05,0.1,0.0,0.0,3203.8453737759714,Owner
Flat,4,2.071827959610007,Garden,1,7.5,0.0,0.15,-0.05,0.15,0.1,0.0,3315.03511637982,Owner
Flat,8,0.3223263645829332,Nothing,1,7.5,0.0,0.15,-0.05,0.0,0.1,0.0,6922.757079465579,Owner
Flat,1,3.329349595318489,Nothing,0,7.5,0.0,0.15,-0.05,0.0,0.0,0.0,2214.048641110242,Owner
House,5,0.5771306646551917,Garden,0,7.5,0.2,0.15,-0.05,0.15,0.0,0.0,4779.493388762884,Owner
House,3,1.4286852989288443,Terrace,0,7.5,0.2,0.15,-0.05,0.1,0.0,0.0,3367.53385637119,Owner
Flat,3,1.9058820690720644,Nothing,1,7.5,0.0,0.15,-0.05,0.0,0.1,0.0,2877.4824256047964,Owner
Flat,8,8.272864815043215,Nothing,0,7.5,0.0,0.15,-0.05,0.0,0.0,0.0,3774.4471243681705,Owner
Flat,6,10.416792028767937,Garden,0,7.5,0.0,0.15,-0.05,0.15,0.0,0.0,2628.3040137182716,Owner
Flat,3,1.8010223803736893,Terrace,0,7.5,0.0,0.15,-0.05,0.1,0.0,0.0,2883.6299490275815,Owner
Flat,1,9.78428346581652,Garden,1,7.5,0.0,0.15,-0.05,0.15,0.1,0.0,1487.058750859802,Owner
Flat,3,9.732634503980556,Garden,0,7.5,0.0,0.15,-0.05,0.15,0.0,0.0,2123.301606652335,Owner
House,4,7.233427746598924,Nothing,0,7.5,0.2,0.15,-0.05,0.0,0.0,0.0,2556.478972175082,Owner
Flat,3,0.7931918373443041,Nothing,0,7.5,0.0,0.15,-0.05,0.0,0.0,0.0,3182.218419138551,Owner
Flat,5,5.861124828976646,Nothing,0,7.5,0.0,0.15,-0.05,0.0,0.0,0.0,2640.222384953724,Owner
Flat,4,14.504298636628972,Garden,1,7.5,0.0,0.15,-0.05,0.15,0.1,0.0,1983.4220035569565,Owner
Flat,3,5.737024804786159,Nothing,0,7.5,0.0,0.15,-0.05,0.0,0.0,0.0,2308.8399275273696,Owner
House,7,2.0144684534963284,Terrace,1,7.5,0.2,0.15,-0.05,0.1,0.1,0.0,6162.206224178907,Owner
House,1,3.47153243578947,Balcony,0,7.5,0.2,0.15,-0.05,0.05,0.0,0.0,2319.644851450625,Owner
Flat,2,5.18840976818378,Terrace,0,7.5,0.0,0.15,-0.05,0.1,0.0,0.0,2371.5375688924873,Owner
Flat,5,3.5725733270672215,Garden,0,7.5,0.0,0.15,-0.05,0.15,0.0,0.0,3167.262756784974,Owner
Flat,3,0.6388994881696098,Nothing,0,7.5,0.0,0.15,-0.05,0.0,0.0,0.0,2797.603429008069,Owner
Flat,3,1.8702976676938576,Terrace,0,7.5,0.0,0.15,-0.05,0.1,0.0,0.0,2929.167101909635,Owner
Flat,4,8.107452027894016,Garden,0,7.5,0.0,0.15,-0.05,0.15,0.0,0.0,2759.5135295953046,Owner
Flat,4,9.881467017064018,Garden,0,7.5,0.0,0.15,-0.05,0.15,0.0,0.0,2063.650081473284,Owner
Flat,2,0.7384415541095352,Garden,0,7.5,0.0,0.15,-0.05,0.15,0.0,0.0,2394.745547500772,Owner
Flat,3,15.22322122757454,Garden,0,7.5,0.0,0.15,-0.05,0.15,0.0,0.0,1621.380288159062,Owner
Flat,2,1.993609110129775,Terrace,1,7.5,0.0,0.15,-0.05,0.1,0.1,0.0,2779.4768674943366,Owner
House,4,5.428190178299471,Nothing,0,7.5,0.2,0.15,-0.05,0.0,0.0,0.0,3145.222066807695,Owner
Flat,3,6.9681086231326255,Garden,0,7.5,0.0,0.15,-0.05,0.15,0.0,0.0,2407.247818244533,Owner
Flat,6,8.355136855348373,Garden,0,7.5,0.0,0.15,-0.05,0.15,0.0,0.0,3178.7416346167074,Owner
Flat,3,14.570733988268428,Terrace,1,7.5,0.0,0.15,-0.05,0.1,0.1,0.0,1710.752601146152,Owner
House,4,1.8765194369952112,Nothing,1,7.5,0.2,0.15,-0.05,0.0,0.1,0.0,4169.20761136075,Owner
Flat,4,9.77750589072291,Balcony,0,7.5,0.0,0.15,-0.05,0.05,0.0,0.0,1977.699468657816,Owner
Flat,2,0.7060145951758322,Balcony,1,7.5,0.0,0.15,-0.05,0.05,0.1,0.0,3298.6768791943878,Owner
House,4,6.104592989313401,Terrace,0,7.5,0.2,0.15,-0.05,0.1,0.0,0.0,3436.3104893430254,Owner
Flat,4,6.773546890363093,Garden,0,7.5,0.0,0.15,-0.05,0.15,0.0,0.0,2421.620700056212,Owner
Flat,1,5.661723016105115,Garden,1,7.5,0.0,0.15,-0.05,0.15,0.1,0.0,2170.1882850142792,Owner
Flat,4,1.4538657989522825,Nothing,1,7.5,0.0,0.15,-0.05,0.0,0.1,0.0,3071.2457592033115,Owner
Flat,5,10.3195399526277,Nothing,0,7.5,0.0,0.15,-0.05,0.0,0.0,0.0,2471.873051636367,Owner
Flat,5,0.924775888878609,Terrace,1,7.5,0.0,0.15,-0.05,0.1,0.1,0.0,5012.15260489675,Owner
Flat,3,0.2756336447784561,Nothing,0,7.5,0.0,0.15,-0.05,0.0,0.0,0.0,2576.4044604045293,Owner
Flat,4,6.319764045182417,Nothing,1,7.5,0.0,0.15,-0.05,0.0,0.1,0.0,2922.9521963454345,Owner
House,2,3.226317757110416,Garden,0,7.5,0.2,0.15,-0.05,0.15,0.0,0.0,3071.6255784922573,Owner
Flat,2,9.455623958741025,Balcony,0,7.5,0.0,0.15,-0.05,0.05,0.0,0.0,1736.1491684622868,Owner
Flat,2,2.4176506345891866,Garden,0,7.5,0.0,0.15,-0.05,0.15,0.0,0.0,3037.5202871874094,Owner
Flat,1,0.9212886809469957,Garden,0,7.5,0.0,0.15,-0.05,0.15,0.0,0.0,2274.2298676325604,Owner
Flat,2,9.052943941290195,Nothing,0,7.5,0.0,0.15,-0.05,0.0,0.0,0.0,1439.3964697693682,Owner
Flat,5,3.980437931239487,Nothing,0,7.5,0.0,0.15,-0.05,0.0,0.0,0.0,2869.883341812575,Owner
Flat,3,1.0486433748166777,Nothing,0,7.5,0.0,0.15,-0.05,0.0,0.0,0.0,2479.9329506433046,Owner
Flat,7,6.371690202989127,Nothing,0,7.5,0.0,0.15,-0.05,0.0,0.0,0.0,3728.29132887294,Owner
Flat,4,3.5781260303149063,Garden,0,7.5,0.0,0.15,-0.05,0.15,0.0,0.0,3311.673388191485,Owner
Flat,3,4.635658697094391,Garden,0,7.5,0.0,0.15,-0.05,0.15,0.0,0.0,2686.208892957326,Owner
Flat,4,3.089255569982458,Nothing,0,7.5,0.0,0.15,-0.05,0.0,0.0,0.0,3066.387833585788,Owner
Flat,4,8.82195659983044,Terrace,1,7.5,0.0,0.15,-0.05,0.1,0.1,0.0,2592.044846456832,Owner
Flat,4,8.846939419221181,Nothing,1,7.5,0.0,0.15,-0.05,0.0,0.1,0.0,2705.4037391347833,Owner
House,4,6.1788453136855495,Nothing,1,7.5,0.2,0.15,-0.05,0.0,0.1,0.0,3179.8587323302145,Owner
Flat,3,0.5569006383157988,Nothing,0,7.5,0.0,0.15,-0.05,0.0,0.0,0.0,3619.7921452901196,Owner
Flat,3,9.127218178311617,Nothing,1,7.5,0.0,0.15,-0.05,0.0,0.1,0.0,2113.722364269393,Owner
Flat,2,5.558684917512196,Garden,0,7.5,0.0,0.15,-0.05,0.15,0.0,0.0,1971.1058284525232,Owner
House,2,5.9705111622159865,Nothing,0,7.5,0.2,0.15,-0.05,0.0,0.0,0.0,1987.0078477341367,Owner
House,4,2.2547934281565505,Nothing,0,7.5,0.2,0.15,-0.05,0.0,0.0,0.0,3772.554246957523,Owner
Flat,5,10.571388939487411,Garden,1,7.5,0.0,0.15,-0.05,0.15,0.1,0.0,2832.97953069289,Owner
Flat,5,6.461681843451471,Nothing,0,7.5,0.0,0.15,-0.05,0.0,0.0,0.0,2975.942150942409,Owner
House,7,0.5972434847280181,Balcony,0,7.5,0.2,0.15,-0.05,0.05,0.0,0.0,6751.105769954552,Owner
Flat,1,2.619368862448958,Nothing,0,7.5,0.0,0.15,-0.05,0.0,0.0,0.0,1829.4097733936426,Owner
Flat,2,10.874494587831098,Garden,1,7.5,0.0,0.15,-0.05,0.15,0.1,0.0,1671.6992428755707,Owner
Flat,6,0.24173399626215963,Terrace,0,7.5,0.0,0.15,-0.05,0.1,0.0,0.0,4173.158982338304,Owner
Flat,6,16.274668279520355,Garden,0,7.5,0.0,0.15,-0.05,0.15,0.0,0.0,2189.908608841728,Owner
House,3,5.684103637505,Nothing,0,7.5,0.2,0.15,-0.05,0.0,0.0,0.0,2839.646062637943,Owner
House,2,4.989890319927591,Garden,0,7.5,0.2,0.15,-0.05,0.15,0.0,0.0,2757.0453458349834,Owner
Flat,1,1.5773857161300109,Garden,0,7.5,0.0,0.15,-0.05,0.15,0.0,0.0,1991.327610676411,Owner
Flat,3,1.430362101447174,Terrace,0,7.5,0.0,0.15,-0.05,0.1,0.0,0.0,2968.46418170742,Owner
Flat,4,14.241582784253396,Nothing,1,7.5,0.0,0.15,-0.05,0.0,0.1,0.0,1856.5080296454892,Owner
Flat,2,1.7710503086784237,Garden,0,7.5,0.0,0.15,-0.05,0.15,0.0,0.0,2375.7340465467396,Owner
House,4,7.46951582740636,Garden,0,7.5,0.2,0.15,-0.05,0.15,0.0,0.0,3267.879946487707,Owner
House,2,2.4971358204079723,Nothing,0,7.5,0.2,0.15,-0.05,0.0,0.0,0.0,2646.422695610034,Owner
House,3,0.7497795306042176,Terrace,0,7.5,0.2,0.15,-0.05,0.1,0.0,0.0,3288.5893857534784,Owner
Flat,2,0.053865599617956866,Nothing,0,7.5,0.0,0.15,-0.05,0.0,0.0,0.0,2522.70106091406,Owner
Flat,4,3.929134821623789,Garden,0,7.5,0.0,0.15,-0.05,0.15,0.0,0.0,3326.3194836392236,Owner
Flat,2,18.60263881034444,Nothing,0,7.5,0.0,0.15,-0.05,0.0,0.0,0.0,1072.956481257529,Owner
House,2,2.303326388933802,Garden,1,7.5,0.2,0.15,-0.05,0.15,0.1,0.0,3790.3509235537917,Owner
Flat,1,2.2095485961504995,Garden,0,7.5,0.0,0.15,-0.05,0.15,0.0,0.0,1904.0826697532138,Owner
Flat,5,2.108670805737301,Nothing,0,7.5,0.0,0.15,-0.05,0.0,0.0,0.0,3136.252691032209,Owner
Flat,4,3.675514058943361,Terrace,1,7.5,0.0,0.15,-0.05,0.1,0.1,0.0,3525.324697512308,Owner
Flat,3,2.90503246235686,Nothing,0,7.5,0.0,0.15,-0.05,0.0,0.0,0.0,2581.502756149431,Owner
Flat,5,10.597761726074085,Balcony,1,7.5,0.0,0.15,-0.05,0.05,0.1,0.0,2756.223383385386,Owner
Flat,1,3.5212508737789183,Terrace,0,7.5,0.0,0.15,-0.05,0.1,0.0,0.0,2861.8129608465065,Owner
Flat,3,3.543922423881031,Terrace,0,7.5,0.0,0.15,-0.05,0.1,0.0,0.0,2779.1292268734524,Owner
Flat,3,0.7446559281230722,Nothing,1,7.5,0.0,0.15,-0.05,0.0,0.1,0.0,3382.3424047666526,Owner
Flat,3,20.296684976046613,Garden,0,7.5,0.0,0.15,-0.05,0.15,0.0,0.0,1313.6514794805223,Owner
Flat,6,1.4382296379839348,Garden,0,7.5,0.0,0.15,-0.05,0.15,0.0,0.0,5131.8815419559,Owner
Flat,4,0.38097263919445445,Balcony,1,7.5,0.0,0.15,-0.05,0.05,0.1,0.0,3638.8553379387677,Owner
Flat,2,5.44053208021805,Terrace,0,7.5,0.0,0.15,-0.05,0.1,0.0,0.0,2216.911562135797,Owner
Flat,4,4.523866194801905,Garden,0,7.5,0.0,0.15,-0.05,0.15,0.0,0.0,2825.7360796418325,Owner
Flat,7,2.6819622196771107,Nothing,0,7.5,0.0,0.15,-0.05,0.0,0.0,0.0,4412.602932031912,Owner
Flat,3,2.742570250984601,Garden,1,7.5,0.0,0.15,-0.05,0.15,0.1,0.0,3023.9981715946983,Owner
House,2,7.6870730112586125,Nothing,1,7.5,0.2,0.15,-0.05,0.0,0.1,0.0,2261.6134723830064,Owner
Flat,7,1.0889933042426638,Garden,0,7.5,0.0,0.15,-0.05,0.15,0.0,0.0,7165.378688804453,Owner
Flat,1,8.58103373389464,Nothing,0,7.5,0.0,0.15,-0.05,0.0,0.0,0.0,1134.8114514509923,Owner
Flat,2,5.231244208494754,Nothing,1,7.5,0.0,0.15,-0.05,0.0,0.1,0.0,2224.002564812222,Owner
Flat,4,2.7147624950379514,Garden,0,7.5,0.0,0.15,-0.05,0.15,0.0,0.0,2844.066826838999,Owner
Flat,2,3.062710385307899,Nothing,0,7.5,0.0,0.15,-0.05,0.0,0.0,0.0,1997.5391843735044,Owner
Flat,1,1.4829226243266203,Terrace,1,7.5,0.0,0.15,-0.05,0.1,0.1,0.0,2656.457981381075,Owner
House,1,6.9739382902923674,Nothing,1,7.5,0.2,0.15,-0.05,0.0,0.1,0.0,2013.7039921854887,Owner
Flat,1,3.5961699315594635,Nothing,1,7.5,0.0,0.15,-0.05,0.0,0.1,0.0,1741.351867036319,Owner
House,4,1.9345997580578913,Balcony,0,7.5,0.2,0.15,-0.05,0.05,0.0,0.0,3575.068590761714,Owner
Flat,4,4.532322288144664,Garden,0,7.5,0.0,0.15,-0.05,0.15,0.0,0.0,3266.0731166161427,Owner
House,2,27.285923153169108,Balcony,0,7.5,0.2,0.15,-0.05,0.05,0.0,0.0,744.4659972620818,Owner
Flat,4,2.8569693369842635,Garden,0,7.5,0.0,0.15,-0.05,0.15,0.0,0.0,3390.7194063032507,Owner
Flat,2,12.672043585554833,Garden,0,7.5,0.0,0.15,-0.05,0.15,0.0,0.0,1511.6469105694011,Owner
Flat,4,2.115728767429429,Garden,1,7.5,0.0,0.15,-0.05,0.15,0.1,0.0,3565.4784337804535,Owner
Flat,2,0.2814377083401599,Terrace,0,7.5,0.0,0.15,-0.05,0.1,0.0,0.0,3295.5307900753082,Owner
Flat,5,1.1423014656553134,Nothing,1,7.5,0.0,0.15,-0.05,0.0,0.1,0.0,4256.816370266232,Owner
Flat,6,2.7123997473157786,Garden,0,7.5,0.0,0.15,-0.05,0.15,0.0,0.0,3684.4102605317253,Owner
Flat,4,1.2399671426590304,Garden,0,7.5,0.0,0.15,-0.05,0.15,0.0,0.0,3665.232588365124,Owner
Flat,3,0.0011353199766673677,Nothing,0,7.5,0.0,0.15,-0.05,0.0,0.0,0.0,2653.844407526826,Owner
Flat,3,12.325610569014234,Garden,0,7.5,0.0,0.15,-0.05,0.15,0.0,0.0,1937.1300576877445,Owner
House,4,9.285632827085458,Garden,0,7.5,0.2,0.15,-0.05,0.15,0.0,0.0,2714.780236254244,Owner
House,4,6.779645081047453,Garden,1,7.5,0.2,0.15,-0.05,0.15,0.1,0.0,3639.2907829601936,Owner
House,7,0.9185001060743391,Nothing,1,7.5,0.2,0.15,-0.05,0.0,0.1,0.0,7006.36095026908,Owner
Flat,5,0.6412330583295656,Nothing,0,7.5,0.0,0.15,-0.05,0.0,0.0,0.0,4042.076671553593,Owner
Flat,4,0.3499923282386663,Balcony,0,7.5,0.0,0.15,-0.05,0.05,0.0,0.0,3018.3655126600615,Owner
House,2,6.437300876406098,Nothing,1,7.5,0.2,0.15,-0.05,0.0,0.1,0.0,2309.2656039387307,Owner
Flat,4,13.211871371146206,Terrace,0,7.5,0.0,0.15,-0.05,0.1,0.0,0.0,1793.477766753668,Owner
House,6,2.8152969847732887,Nothing,0,7.5,0.2,0.15,-0.05,0.0,0.0,0.0,4420.032055866658,Owner
House,6,0.634286694446645,Nothing,0,7.5,0.2,0.15,-0.05,0.0,0.0,0.0,6278.152883114034,Owner
House,2,3.5912257890014225,Nothing,1,7.5,0.2,0.15,-0.05,0.0,0.1,0.0,2866.7575072472064,Owner
Flat,4,2.1449373171720083,Garden,0,7.5,0.0,0.15,-0.05,0.15,0.0,0.0,3031.0511080923116,Owner
Flat,3,2.3486177371615256,Garden,0,7.5,0.0,0.15,-0.05,0.15,0.0,0.0,3211.0565582746776,Owner
House,4,4.8554590693818245,Terrace,1,7.5,0.2,0.15,-0.05,0.1,0.1,0.0,4766.85799808241,Owner
Flat,4,6.341989784111247,Nothing,0,7.5,0.0,0.15,-0.05,0.0,0.0,0.0,2660.1745950260433,Owner
Flat,2,0.586061236596752,Terrace,0,7.5,0.0,0.15,-0.05,0.1,0.0,0.0,2250.167510581864,Owner
Flat,4,0.18119501455745993,Nothing,0,7.5,0.0,0.15,-0.05,0.0,0.0,0.0,3110.431812461047,Owner
House,2,25.86309773195701,Nothing,1,7.5,0.2,0.15,-0.05,0.0,0.1,0.0,1026.1161524316929,Owner
Flat,5,1.3245718340327208,Garden,0,7.5,0.0,0.15,-0.05,0.15,0.0,0.0,3877.727098974311,Owner
Flat,5,0.2766678841507926,Nothing,1,7.5,0.0,0.15,-0.05,0.0,0.1,0.0,4361.400710421691,Owner
Flat,2,1.0528356423145457,Nothing,0,7.5,0.0,0.15,-0.05,0.0,0.0,0.0,2501.9397830899215,Owner
Flat,4,0.19868503306108903,Nothing,0,7.5,0.0,0.15,-0.05,0.0,0.0,0.0,2973.1363989908036,Owner
House,4,2.486347083925783,Nothing,1,7.5,0.2,0.15,-0.05,0.0,0.1,0.0,3903.895228448293,Owner
Flat,5,8.107597621666283,Nothing,0,7.5,0.0,0.15,-0.05,0.0,0.0,0.0,1845.4776002684528,Owner
Flat,5,2.0870137687341686,Garden,0,7.5,0.0,0.15,-0.05,0.15,0.0,0.0,3616.3139761491825,Owner
House,1,2.936584538182011,Nothing,0,7.5,0.2,0.15,-0.05,0.0,0.0,0.0,2160.108990460144,Owner
Flat,5,5.628685927925503,Garden,0,7.5,0.0,0.15,-0.05,0.15,0.0,0.0,2962.495852395818,Owner
Flat,2,3.555477156091545,Nothing,0,7.5,0.0,0.15,-0.05,0.0,0.0,0.0,2405.389858162393,Owner
Flat,3,9.882464357690331,Nothing,0,7.5,0.0,0.15,-0.05,0.0,0.0,0.0,1499.4634818171505,Owner
Flat,6,10.050908730809612,Balcony,0,7.5,0.0,0.15,-0.05,0.05,0.0,0.0,2706.6043336690664,Owner
Flat,4,0.04980066673638775,Nothing,1,7.5,0.0,0.15,-0.05,0.0,0.1,0.0,3679.690868066799,Owner
House,4,7.526432533147345,Terrace,0,7.5,0.2,0.15,-0.05,0.1,0.0,0.0,3525.5992551164854,Owner
House,3,3.0877279100668584,Terrace,1,7.5,0.2,0.15,-0.05,0.1,0.1,0.0,3140.154838713494,Owner
House,2,22.477339135588927,Balcony,0,7.5,0.2,0.15,-0.05,0.05,0.0,0.0,1144.1867692360715,Owner
House,1,3.3008069738118766,Nothing,0,7.5,0.2,0.15,-0.05,0.0,0.0,0.0,2177.6094192600144,Owner
Flat,4,21.674167921601967,Nothing,0,7.5,0.0,0.15,-0.05,0.0,0.0,0.0,1010.4395758987696,Owner
Flat,5,7.023704510181924,Nothing,0,7.5,0.0,0.15,-0.05,0.0,0.0,0.0,2821.503342091404,Owner
House,3,1.4291182327326566,Garden,0,7.5,0.2,0.15,-0.05,0.15,0.0,0.0,3821.697818332978,Owner
Flat,2,3.8652284354302098,Nothing,1,7.5,0.0,0.15,-0.05,0.0,0.1,0.0,2093.7602488041016,Owner
Flat,1,24.227070263269304,Nothing,1,7.5,0.0,0.15,-0.05,0.0,0.1,0.0,696.192843071684,Owner
House,6,9.74314046792972,Garden,1,7.5,0.2,0.15,-0.05,0.15,0.1,0.0,4122.898098058929,Owner
House,3,0.5121955677309854,Garden,0,7.5,0.2,0.15,-0.05,0.15,0.0,0.0,3966.9069179134444,Owner
Flat,3,6.127208040387446,Garden,1,7.5,0.0,0.15,-0.05,0.15,0.1,0.0,2863.6510066417495,Owner
Flat,1,2.1200264949748577,Nothing,0,7.5,0.0,0.15,-0.05,0.0,0.0,0.0,2214.0979574912053,Owner
Flat,2,0.03503375967362231,Nothing,0,7.5,0.0,0.15,-0.05,0.0,0.0,0.0,2152.6754915062847,Owner
Flat,3,2.5832206677789116,Nothing,1,7.5,0.0,0.15,-0.05,0.0,0.1,0.0,3408.8910226212006,Owner
Flat,4,1.3377923965883423,Garden,0,7.5,0.0,0.15,-0.05,0.15,0.0,0.0,2945.1104517418244,Owner
Flat,1,8.54268123052189,Nothing,0,7.5,0.0,0.15,-0.05,0.0,0.0,0.0,1349.7672227470466,Owner
Flat,2,2.0573953452121447,Garden,0,7.5,0.0,0.15,-0.05,0.15,0.0,0.0,2713.411432491731,Owner
Flat,1,8.787477040994844,Balcony,0,7.5,0.0,0.15,-0.05,0.05,0.0,0.0,1463.7037752294693,Owner
Flat,3,0.0029905883575644283,Nothing,1,7.5,0.0,0.15,-0.05,0.0,0.1,0.0,2944.1649827064844,Owner
Flat,4,1.8395400680797123,Garden,0,7.5,0.0,0.15,-0.05,0.15,0.0,0.0,3419.3671585005845,Owner
Flat,5,1.3798559947031106,Nothing,1,7.5,0.0,0.15,-0.05,0.0,0.1,0.0,3758.2440029315,Owner
House,3,1.330042329500564,Garden,0,7.5,0.2,0.15,-0.05,0.15,0.0,0.0,3549.4978005569455,Owner
Flat,4,0.35311360073131415,Nothing,0,7.5,0.0,0.15,-0.05,0.0,0.0,0.0,3523.832764124078,Owner
Flat,5,1.0358851762558428,Terrace,0,7.5,0.0,0.15,-0.05,0.1,0.0,0.0,4162.650499968673,Owner
Flat,2,4.0545837427483145,Terrace,0,7.5,0.0,0.15,-0.05,0.1,0.0,0.0,2054.8946354659397,Owner
House,2,1.7220457637370563,Garden,0,7.5,0.2,0.15,-0.05,0.15,0.0,0.0,3476.765544576189,Owner
Flat,4,2.7012273932976782,Garden,1,7.5,0.0,0.15,-0.05,0.15,0.1,0.0,3811.0826292786837,Owner
Flat,3,2.3649755390741216,Nothing,1,7.5,0.0,0.15,-0.05,0.0,0.1,0.0,3020.076481143472,Owner
Flat,3,10.433536366477671,Garden,1,7.5,0.0,0.15,-0.05,0.15,0.1,0.0,2301.430271615933,Owner
Flat,3,11.785153543676273,Nothing,1,7.5,0.0,0.15,-0.05,0.0,0.1,0.0,1600.1342672271073,Owner
Flat,6,3.395797052316041,Nothing,1,7.5,0.0,0.15,-0.05,0.0,0.1,0.0,3921.353066938999,Owner
Flat,2,2.0035517767770354,Garden,0,7.5,0.0,0.15,-0.05,0.15,0.0,0.0,2764.3250289854486,Owner
Flat,4,0.564727735982155,Garden,1,7.5,0.0,0.15,-0.05,0.15,0.1,0.0,4371.234050940574,Owner
Flat,3,15.331082645374593,Nothing,0,7.5,0.0,0.15,-0.05,0.0,0.0,0.0,1314.6893859863264,Owner
House,2,0.31058431806089415,Nothing,0,7.5,0.2,0.15,-0.05,0.0,0.0,0.0,2969.6623023743887,Owner
Flat,3,1.7666190945233522,Nothing,0,7.5,0.0,0.15,-0.05,0.0,0.0,0.0,2949.631525294881,Owner
Flat,5,1.7695809153208517,Terrace,0,7.5,0.0,0.15,-0.05,0.1,0.0,0.0,3649.567021707385,Owner
House,3,1.9312639084102636,Nothing,0,7.5,0.2,0.15,-0.05,0.0,0.0,0.0,3321.416218182829,Owner
Flat,1,0.8973491936835555,Garden,1,7.5,0.0,0.15,-0.05,0.15,0.1,0.0,2527.316318534089,Owner
Flat,5,7.643010617979017,Nothing,0,7.5,0.0,0.15,-0.05,0.0,0.0,0.0,2555.6997726996874,Owner
Flat,6,0.6533794356954463,Nothing,0,7.5,0.0,0.15,-0.05,0.0,0.0,0.0,4804.021763197696,Owner
Flat,4,5.038011148725333,Garden,0,7.5,0.0,0.15,-0.05,0.15,0.0,0.0,3231.3040890114326,Owner
House,6,0.6610671744528562,Garden,0,7.5,0.2,0.15,-0.05,0.15,0.0,0.0,6622.9595097009105,Owner
House,6,0.3657340658065671,Garden,0,7.5,0.2,0.15,-0.05,0.15,0.0,0.0,7060.429592450543,Owner
Flat,3,12.00813383357463,Garden,0,7.5,0.0,0.15,-0.05,0.15,0.0,0.0,1811.107277039874,Owner
Flat,4,1.0544000735833898,Nothing,0,7.5,0.0,0.15,-0.05,0.0,0.0,0.0,3345.847465706205,Owner
Flat,3,8.608839810390341,Balcony,0,7.5,0.0,0.15,-0.05,0.05,0.0,0.0,1879.0682735923476,Owner
Flat,8,3.9332345832133426,Garden,1,7.5,0.0,0.15,-0.05,0.15,0.1,0.0,6540.40851186357,Owner
Flat,3,0.40527224443641235,Balcony,1,7.5,0.0,0.15,-0.05,0.05,0.1,0.0,3186.639149804318,Owner
Flat,2,15.555512648309408,Nothing,0,7.5,0.0,0.15,-0.05,0.0,0.0,0.0,1132.206841317931,Owner
Flat,5,1.418192407260406,Nothing,0,7.5,0.0,0.15,-0.05,0.0,0.0,0.0,3784.261680249442,Owner
Flat,5,9.817914060771102,Terrace,0,7.5,0.0,0.15,-0.05,0.1,0.0,0.0,2385.781991549147,Owner
Flat,5,0.9244843851385582,Garden,1,7.5,0.0,0.15,-0.05,0.15,0.1,0.0,5784.947175577205,Owner
House,4,9.618787577866016,Nothing,0,7.5,0.2,0.15,-0.05,0.0,0.0,0.0,2249.4901802239733,Owner
Flat,4,0.06658546538187224,Nothing,0,7.5,0.0,0.15,-0.05,0.0,0.0,0.0,2908.0902273304123,Owner
Flat,2,3.584950451087789,Garden,1,7.5,0.0,0.15,-0.05,0.15,0.1,0.0,2941.172424830873,Owner
Flat,4,7.336276672151887,Garden,0,7.5,0.0,0.15,-0.05,0.15,0.0,0.0,2870.818431263439,Owner
Flat,6,13.651135311510124,Garden,0,7.5,0.0,0.15,-0.05,0.15,0.0,0.0,2779.024417477318,Owner
Flat,3,11.995597600774017,Garden,0,7.5,0.0,0.15,-0.05,0.15,0.0,0.0,1925.7189757523536,Owner
Flat,2,8.563582693298919,Terrace,1,7.5,0.0,0.15,-0.05,0.1,0.1,0.0,1940.2967185152893,Owner
House,3,10.954831739603526,Nothing,1,7.5,0.2,0.15,-0.05,0.0,0.1,0.0,2023.3968275125171,Owner
Flat,5,1.1108431699845904,Terrace,1,7.5,0.0,0.15,-0.05,0.1,0.1,0.0,4456.140436230193,Owner
Flat,2,1.6716627069951087,Nothing,0,7.5,0.0,0.15,-0.05,0.0,0.0,0.0,2097.917979334103,Owner
Flat,1,1.7051929070598755,Terrace,0,7.5,0.0,0.15,-0.05,0.1,0.0,0.0,2350.192051846068,Owner
Flat,7,2.3664766527883927,Nothing,1,7.5,0.0,0.15,-0.05,0.0,0.1,0.0,4998.886313018939,Owner
House,5,2.4987745740289817,Nothing,1,7.5,0.2,0.15,-0.05,0.0,0.1,0.0,4198.621565110751,Owner
Flat,5,3.932405144174518,Garden,0,7.5,0.0,0.15,-0.05,0.15,0.0,0.0,3537.732126601584,Owner
Flat,3,0.8710512926934543,Balcony,1,7.5,0.0,0.15,-0.05,0.05,0.1,0.0,3287.0328935965285,Owner
Flat,1,5.87606292773439,Nothing,0,7.5,0.0,0.15,-0.05,0.0,0.0,0.0,1480.0400072713178,Owner
Flat,5,0.9170099370718936,Garden,0,7.5,0.0,0.15,-0.05,0.15,0.0,0.0,3912.4828974879247,Owner
Flat,4,1.857554284363616,Balcony,0,7.5,0.0,0.15,-0.05,0.05,0.0,0.0,3234.051637023898,Owner
Flat,5,3.499299609455716,Terrace,0,7.5,0.0,0.15,-0.05,0.1,0.0,0.0,3639.2455644604725,Owner
Flat,3,7.958986178905575,Nothing,1,7.5,0.0,0.15,-0.05,0.0,0.1,0.0,2000.9080340201265,Owner
Flat,2,6.72517159096781,Terrace,0,7.5,0.0,0.15,-0.05,0.1,0.0,0.0,1838.3755178138697,Owner
Flat,2,5.185719264139445,Nothing,0,7.5,0.0,0.15,-0.05,0.0,0.0,0.0,1927.3842090915928,Owner
Flat,4,0.8466708593202987,Terrace,1,7.5,0.0,0.15,-0.05,0.1,0.1,0.0,3337.1019273280467,Owner
Flat,3,3.9598162960307586,Nothing,1,7.5,0.0,0.15,-0.05,0.0,0.1,0.0,2233.3607835133794,Owner
Flat,6,0.4575428353977252,Terrace,0,7.5,0.0,0.15,-0.05,0.1,0.0,0.0,4470.602366365804,Owner
Flat,1,2.368959392421717,Nothing,0,7.5,0.0,0.15,-0.05,0.0,0.0,0.0,1826.5921839042685,Owner
Flat,3,2.668053979617064,Terrace,0,7.5,0.0,0.15,-0.05,0.1,0.0,0.0,2829.0268368059988,Owner
House,5,0.2031279828179502,Nothing,0,7.5,0.2,0.15,-0.05,0.0,0.0,0.0,5363.538598655519,Owner
Flat,3,1.600944361885238,Nothing,1,7.5,0.0,0.15,-0.05,0.0,0.1,0.0,3151.7676848799347,Owner
Flat,3,15.578152791345701,Terrace,1,7.5,0.0,0.15,-0.05,0.1,0.1,0.0,1564.151068317313,Owner
Flat,6,15.35579410874071,Garden,0,7.5,0.0,0.15,-0.05,0.15,0.0,0.0,2393.0133670106575,Owner
Flat,5,2.171847116966015,Garden,0,7.5,0.0,0.15,-0.05,0.15,0.0,0.0,3608.887051057367,Owner
Flat,5,0.2202825002621114,Garden,0,7.5,0.0,0.15,-0.05,0.15,0.0,0.0,4390.2197483476875,Owner
Flat,2,0.9867390743107394,Nothing,1,7.5,0.0,0.15,-0.05,0.0,0.1,0.0,2494.3842456411953,Owner
House,5,2.4896933703682147,Garden,0,7.5,0.2,0.15,-0.05,0.15,0.0,0.0,4953.190470916471,Owner
Flat,4,14.761419659569102,Garden,0,7.5,0.0,0.15,-0.05,0.15,0.0,0.0,1684.4694431434477,Owner
Flat,3,0.761090612731614,Nothing,0,7.5,0.0,0.15,-0.05,0.0,0.0,0.0,2875.207489210652,Owner
Flat,1,7.209370327744139,Balcony,0,7.5,0.0,0.15,-0.05,0.05,0.0,0.0,1795.080909636703,Owner
Flat,2,0.5752730898596463,Terrace,0,7.5,0.0,0.15,-0.05,0.1,0.0,0.0,2592.4543479226595,Owner
Flat,4,19.884828678910107,Garden,0,7.5,0.0,0.15,-0.05,0.15,0.0,0.0,1474.2869648994458,Owner
House,3,2.403232311918166,Nothing,1,7.5,0.2,0.15,-0.05,0.0,0.1,0.0,3636.7757443593664,Owner
Flat,2,7.4634890777812934,Nothing,1,7.5,0.0,0.15,-0.05,0.0,0.1,0.0,1784.1608986910728,Owner
House,1,2.097245267582794,Nothing,1,7.5,0.2,0.15,-0.05,0.0,0.1,0.0,2611.15252889937,Owner
House,2,4.939858527310383,Terrace,0,7.5,0.2,0.15,-0.05,0.1,0.0,0.0,2576.703927595613,Owner
Flat,2,1.0660656375783344,Nothing,0,7.5,0.0,0.15,-0.05,0.0,0.0,0.0,2336.6284312042444,Owner
Flat,4,0.7892434912818771,Garden,0,7.5,0.0,0.15,-0.05,0.15,0.0,0.0,3405.805815264932,Owner
Flat,3,13.90827969287196,Garden,0,7.5,0.0,0.15,-0.05,0.15,0.0,0.0,1647.5375080802432,Owner
Flat,2,12.48371883853331,Garden,1,7.5,0.0,0.15,-0.05,0.15,0.1,0.0,1764.4845502513067,Owner
Flat,4,10.922630042230313,Terrace,0,7.5,0.0,0.15,-0.05,0.1,0.0,0.0,2438.120802544843,Owner
Flat,4,4.909928943261176,Terrace,0,7.5,0.0,0.15,-0.05,0.1,0.0,0.0,3135.1447850996465,Owner
Flat,3,8.258289084967904,Terrace,1,7.5,0.0,0.15,-0.05,0.1,0.1,0.0,2842.399280292878,Owner
Flat,7,0.3576783847021495,Garden,1,7.5,0.0,0.15,-0.05,0.15,0.1,0.0,6035.302909951407,Owner
House,1,2.038255291967881,Terrace,0,7.5,0.2,0.15,-0.05,0.1,0.0,0.0,2794.250798618987,Owner
Flat,2,1.8822249106318525,Nothing,0,7.5,0.0,0.15,-0.05,0.0,0.0,0.0,2262.4938448050884,Owner
House,2,5.048137477576721,Terrace,0,7.5,0.2,0.15,-0.05,0.1,0.0,0.0,3186.165450003568,Owner
Flat,3,2.1999549294118883,Nothing,0,7.5,0.0,0.15,-0.05,0.0,0.0,0.0,2342.964823600981,Owner
Flat,3,0.8038187163035273,Garden,0,7.5,0.0,0.15,-0.05,0.15,0.0,0.0,2909.792000055544,Owner
Flat,2,4.5374859855645395,Nothing,0,7.5,0.0,0.15,-0.05,0.0,0.0,0.0,1832.0419366881001,Owner
Flat,2,8.420374140282519,Terrace,1,7.5,0.0,0.15,-0.05,0.1,0.1,0.0,1582.2318942577922,Owner
House,1,2.4073333535811168,Garden,0,7.5,0.2,0.15,-0.05,0.15,0.0,0.0,2507.5408984528544,Owner
Flat,5,0.7093659592899565,Garden,0,7.5,0.0,0.15,-0.05,0.15,0.0,0.0,3978.3340724095206,Owner
House,2,1.0950617157946794,Nothing,0,7.5,0.2,0.15,-0.05,0.0,0.0,0.0,2864.8930335232963,Owner
Flat,6,1.3556543794021754,Nothing,0,7.5,0.0,0.15,-0.05,0.0,0.0,0.0,4300.097081877501,Owner
Flat,2,1.7826432945840842,Terrace,1,7.5,0.0,0.15,-0.05,0.1,0.1,0.0,3289.480469198876,Owner
House,2,5.147228148503714,Garden,0,7.5,0.2,0.15,-0.05,0.15,0.0,0.0,2944.4607618803384,Owner
House,1,4.593286205970265,Nothing,0,7.5,0.2,0.15,-0.05,0.0,0.0,0.0,1924.9308502627478,Owner
House,3,5.954951573057113,Nothing,0,7.5,0.2,0.15,-0.05,0.0,0.0,0.0,2350.5648835054753,Owner
Flat,2,2.2510205747250507,Terrace,1,7.5,0.0,0.15,-0.05,0.1,0.1,0.0,2797.9460919820613,Owner
Flat,2,8.686289712209756,Terrace,0,7.5,0.0,0.15,-0.05,0.1,0.0,0.0,1530.9782569379663,Owner
House,6,1.1413311314114352,Garden,1,7.5,0.2,0.15,-0.05,0.15,0.1,0.0,7911.552563039971,Owner
Flat,3,3.1653499900349047,Nothing,0,7.5,0.0,0.15,-0.05,0.0,0.0,0.0,2723.5093028019014,Owner
House,7,8.07071284853173,Balcony,0,7.5,0.2,0.15,-0.05,0.05,0.0,0.0,4228.264027279817,Owner
House,3,0.9932221514339052,Nothing,0,7.5,0.2,0.15,-0.05,0.0,0.0,0.0,2776.7194044709,Owner
Flat,5,0.5819001164852889,Terrace,1,7.5,0.0,0.15,-0.05,0.1,0.1,0.0,5199.367339007997,Owner
House,2,10.75722187944322,Terrace,1,7.5,0.2,0.15,-0.05,0.1,0.1,0.0,2102.0848595909415,Owner
House,3,2.0998210401133295,Terrace,0,7.5,0.2,0.15,-0.05,0.1,0.0,0.0,3900.2291203183777,Owner
Flat,1,5.758010763540458,Nothing,0,7.5,0.0,0.15,-0.05,0.0,0.0,0.0,1342.993955735069,Owner
House,4,0.1283770737638887,Nothing,0,7.5,0.2,0.15,-0.05,0.0,0.0,0.0,3765.529033905628,Owner
Flat,4,5.856671229382661,Terrace,0,7.5,0.0,0.15,-0.05,0.1,0.0,0.0,2718.106585175346,Owner
House,2,1.8997274431331455,Nothing,0,7.5,0.2,0.15,-0.05,0.0,0.0,0.0,2723.605102971714,Owner
Flat,4,0.2867731550269619,Terrace,1,7.5,0.0,0.15,-0.05,0.1,0.1,0.0,3792.0224931709963,Owner
House,2,4.70564278237165,Terrace,1,7.5,0.2,0.15,-0.05,0.1,0.1,0.0,3062.5489981354704,Owner
Flat,4,1.3774752906947654,Garden,0,7.5,0.0,0.15,-0.05,0.15,0.0,0.0,3211.0850876101176,Owner
Flat,1,2.4453797115747515,Terrace,0,7.5,0.0,0.15,-0.05,0.1,0.0,0.0,2025.3404035242445,Owner
House,2,0.4200656300335847,Garden,1,7.5,0.2,0.15,-0.05,0.15,0.1,0.0,3793.4314402819996,Owner
Flat,1,0.795935672216736,Nothing,1,7.5,0.0,0.15,-0.05,0.0,0.1,0.0,2348.7700797078,Owner
Flat,5,1.7689472370675288,Balcony,0,7.5,0.0,0.15,-0.05,0.05,0.0,0.0,3954.9139628919556,Owner
House,7,0.47023214644833844,Nothing,0,7.5,0.2,0.15,-0.05,0.0,0.0,0.0,5508.370831120746,Owner
House,4,12.085843649551244,Terrace,0,7.5,0.2,0.15,-0.05,0.1,0.0,0.0,2084.52522912304,Owner
Flat,3,0.030327002961936713,Nothing,0,7.5,0.0,0.15,-0.05,0.0,0.0,0.0,3217.1505745741574,Owner
Flat,5,3.306888282559127,Terrace,0,7.5,0.0,0.15,-0.05,0.1,0.0,0.0,3706.6618774100784,Owner
Flat,2,0.6576524538653421,Garden,0,7.5,0.0,0.15,-0.05,0.15,0.0,0.0,2545.9743989115814,Owner
Flat,1,1.8385284366564467,Balcony,0,7.5,0.0,0.15,-0.05,0.05,0.0,0.0,2352.393914663421,Owner
Flat,4,13.022476861313057,Garden,0,7.5,0.0,0.15,-0.05,0.15,0.0,0.0,2019.1736456073872,Owner
Flat,3,0.8818637500620277,Nothing,0,7.5,0.0,0.15,-0.05,0.0,0.0,0.0,3052.8673139115476,Owner
House,4,16.882375513656626,Terrace,0,7.5,0.2,0.15,-0.05,0.1,0.0,0.0,1924.907266776062,Owner
House,6,1.1520644010807304,Nothing,1,7.5,0.2,0.15,-0.05,0.0,0.1,0.0,6963.737264003262,Owner
House,2,6.765576782451039,Garden,1,7.5,0.2,0.15,-0.05,0.15,0.1,0.0,3252.7473123779873,Owner
Flat,3,3.9557548382169077,Garden,0,7.5,0.0,0.15,-0.05,0.15,0.0,0.0,2636.785506937438,Owner
Flat,6,10.79150294663645,Terrace,0,7.5,0.0,0.15,-0.05,0.1,0.0,0.0,3157.645543703572,Owner
Flat,3,4.037106024430614,Nothing,1,7.5,0.0,0.15,-0.05,0.0,0.1,0.0,2731.707891179933,Owner
Flat,4,3.823852032951791,Nothing,0,7.5,0.0,0.15,-0.05,0.0,0.0,0.0,3120.2567032623706,Owner
Flat,6,1.0874105401548078,Terrace,0,7.5,0.0,0.15,-0.05,0.1,0.0,0.0,4226.532208441821,Owner
House,2,0.908984644486146,Terrace,0,7.5,0.2,0.15,-0.05,0.1,0.0,0.0,3371.6445919038647,Owner
Flat,4,12.413893644023844,Garden,0,7.5,0.0,0.15,-0.05,0.15,0.0,0.0,2287.3466724906116,Owner
Flat,7,1.986280959599893,Nothing,0,7.5,0.0,0.15,-0.05,0.0,0.0,0.0,3923.7849027807197,Owner
Flat,3,2.3267305016637416,Nothing,1,7.5,0.0,0.15,-0.05,0.0,0.1,0.0,2478.3235524220017,Owner
House,5,7.131909344466029,Garden,0,7.5,0.2,0.15,-0.05,0.15,0.0,0.0,3101.0043286896657,Owner
Flat,6,2.068672142609829,Terrace,0,7.5,0.0,0.15,-0.05,0.1,0.0,0.0,4314.0210630526735,Owner
Flat,5,15.18928043359221,Garden,1,7.5,0.0,0.15,-0.05,0.15,0.1,0.0,2470.782556406895,Owner
Flat,4,6.69567561186252,Nothing,0,7.5,0.0,0.15,-0.05,0.0,0.0,0.0,2739.2842006563733,Owner
Flat,3,4.549422013624883,Garden,0,7.5,0.0,0.15,-0.05,0.15,0.0,0.0,2643.7096423172875,Owner
Flat,5,10.638755849505417,Nothing,0,7.5,0.0,0.15,-0.05,0.0,0.0,0.0,2646.3159973262264,Owner
House,4,0.254392735453842,Garden,0,7.5,0.2,0.15,-0.05,0.15,0.0,0.0,4020.9369130497566,Owner
Flat,7,1.4857180746479344,Nothing,0,7.5,0.0,0.15,-0.05,0.0,0.0,0.0,4045.562386477135,Owner
Flat,2,3.1277822441201364,Nothing,0,7.5,0.0,0.15,-0.05,0.0,0.0,0.0,2075.7049665986237,Owner
Flat,3,1.2872423406502642,Nothing,0,7.5,0.0,0.15,-0.05,0.0,0.0,0.0,2762.922921492834,Owner
House,2,6.811037704843597,Nothing,0,7.5,0.2,0.15,-0.05,0.0,0.0,0.0,2113.664901579223,Owner
Flat,3,12.579388563121466,Nothing,0,7.5,0.0,0.15,-0.05,0.0,0.0,0.0,1229.405947073411,Owner
Flat,4,2.756243002811302,Garden,0,7.5,0.0,0.15,-0.05,0.15,0.0,0.0,3305.277941108304,Owner
House,4,2.0937594394579033,Balcony,0,7.5,0.2,0.15,-0.05,0.05,0.0,0.0,3343.8064006180484,Owner
House,1,16.292078122504407,Garden,0,7.5,0.2,0.15,-0.05,0.15,0.0,0.0,1411.4366265748854,Owner
House,3,2.942606568900544,Nothing,0,7.5,0.2,0.15,-0.05,0.0,0.0,0.0,3101.1537422871256,Owner
House,5,3.3574020519313374,Balcony,1,7.5,0.2,0.15,-0.05,0.05,0.1,0.0,4180.315155673078,Owner
Flat,3,2.1666220404518963,Nothing,0,7.5,0.0,0.15,-0.05,0.0,0.0,0.0,2416.9995783308286,Owner
Flat,6,12.014705925810723,Nothing,0,7.5,0.0,0.15,-0.05,0.0,0.0,0.0,2193.6966142217416,Owner
House,5,4.207719535815295,Garden,1,7.5,0.2,0.15,-0.05,0.15,0.1,0.0,4833.596630254569,Owner
Flat,1,7.181092170419446,Garden,0,7.5,0.0,0.15,-0.05,0.15,0.0,0.0,1875.1794181923901,Owner
Flat,5,8.351428752002452,Garden,0,7.5,0.0,0.15,-0.05,0.15,0.0,0.0,2654.0869010107335,Owner
House,3,2.0916047719541604,Terrace,1,7.5,0.2,0.15,-0.05,0.1,0.1,0.0,4007.1053947740083,Owner
Flat,4,2.843106479415647,Garden,1,7.5,0.0,0.15,-0.05,0.15,0.1,0.0,3480.109069862814,Owner
Flat,3,9.434916819182005,Garden,0,7.5,0.0,0.15,-0.05,0.15,0.0,0.0,1898.7800420791787,Owner
Flat,3,2.2569328491566294,Nothing,0,7.5,0.0,0.15,-0.05,0.0,0.0,0.0,2506.018008407998,Owner
Flat,2,7.897821368013675,Nothing,0,7.5,0.0,0.15,-0.05,0.0,0.0,0.0,1482.6476176286617,Owner
Flat,3,14.15043858842527,Balcony,1,7.5,0.0,0.15,-0.05,0.05,0.1,0.0,1536.270707504906,Owner
Flat,2,4.880341330162804,Balcony,0,7.5,0.0,0.15,-0.05,0.05,0.0,0.0,1783.2541426279984,Owner
Flat,3,6.766760571219642,Garden,0,7.5,0.0,0.15,-0.05,0.15,0.0,0.0,2858.7349612811986,Owner
Flat,2,8.176274405433674,Nothing,1,7.5,0.0,0.15,-0.05,0.0,0.1,0.0,1798.5078626811608,Owner
Flat,3,9.322929970591488,Nothing,0,7.5,0.0,0.15,-0.05,0.0,0.0,0.0,1658.8517923580175,Owner
Flat,7,2.5130749329227053,Garden,1,7.5,0.0,0.15,-0.05,0.15,0.1,0.0,5977.419573845284,Owner
House,5,0.2631206829634183,Garden,0,7.5,0.2,0.15,-0.05,0.15,0.0,0.0,5300.79008399945,Owner
Flat,1,2.5697882107342815,Nothing,0,7.5,0.0,0.15,-0.05,0.0,0.0,0.0,1806.982542508677,Owner
Flat,3,5.600552078255975,Nothing,0,7.5,0.0,0.15,-0.05,0.0,0.0,0.0,2278.7653590516074,Owner
House,6,2.99237134411888,Garden,1,7.5,0.2,0.15,-0.05,0.15,0.1,0.0,6477.77394809351,Owner
Flat,3,6.910777706523328,Nothing,0,7.5,0.0,0.15,-0.05,0.0,0.0,0.0,1903.4265721720321,Owner
House,4,2.207916146263214,Balcony,0,7.5,0.2,0.15,-0.05,0.05,0.0,0.0,3576.0795036921586,Owner
Flat,3,5.035785938485179,Balcony,0,7.5,0.0,0.15,-0.05,0.05,0.0,0.0,2254.549679580838,Owner
House,2,1.0315538839664775,Nothing,1,7.5,0.2,0.15,-0.05,0.0,0.1,0.0,2485.5026440598776,Owner
Flat,5,6.918876416211574,Nothing,1,7.5,0.0,0.15,-0.05,0.0,0.1,0.0,2572.2520364862316,Owner
House,4,3.9449431642658355,Terrace,0,7.5,0.2,0.15,-0.05,0.1,0.0,0.0,4185.746191783391,Owner
Flat,4,1.1411849327172885,Nothing,0,7.5,0.0,0.15,-0.05,0.0,0.0,0.0,3668.1309181637557,Owner
House,5,1.725928659983607,Terrace,1,7.5,0.2,0.15,-0.05,0.1,0.1,0.0,5109.209441179637,Owner
Flat,4,6.903723118836989,Nothing,0,7.5,0.0,0.15,-0.05,0.0,0.0,0.0,2471.2256975477276,Owner
Flat,2,3.2947069872314065,Terrace,0,7.5,0.0,0.15,-0.05,0.1,0.0,0.0,2359.935733527634,Owner
House,2,1.216931809890208,Nothing,0,7.5,0.2,0.15,-0.05,0.0,0.0,0.0,3816.318488189274,Owner
Flat,3,17.097497802627043,Nothing,1,7.5,0.0,0.15,-0.05,0.0,0.1,0.0,1490.8215174784434,Owner
Flat,3,6.278524304898707,Garden,0,7.5,0.0,0.15,-0.05,0.15,0.0,0.0,2376.257441961739,Owner
Flat,2,15.748478650852594,Nothing,0,7.5,0.0,0.15,-0.05,0.0,0.0,0.0,1009.309813625542,Owner
Flat,4,2.7852645215486183,Nothing,0,7.5,0.0,0.15,-0.05,0.0,0.0,0.0,2440.826869680909,Owner
Flat,1,3.2227407989216728,Nothing,0,7.5,0.0,0.15,-0.05,0.0,0.0,0.0,1824.7701696368806,Owner
Flat,5,11.411717525227878,Garden,0,7.5,0.0,0.15,-0.05,0.15,0.0,0.0,2330.3623493479136,Owner
House,5,3.72272177271802,Nothing,0,7.5,0.2,0.15,-0.05,0.0,0.0,0.0,3366.532427694723,Owner
Flat,1,6.142675205466503,Nothing,0,7.5,0.0,0.15,-0.05,0.0,0.0,0.0,1448.3915607929853,Owner
Flat,3,1.452917236831758,Garden,0,7.5,0.0,0.15,-0.05,0.15,0.0,0.0,2749.568688452088,Owner
House,2,2.959513840544568,Nothing,0,7.5,0.2,0.15,-0.05,0.0,0.0,0.0,3043.423985111695,Owner
House,4,0.6588068904692833,Garden,1,7.5,0.2,0.15,-0.05,0.15,0.1,0.0,5460.106811926357,Owner
Flat,2,1.1532333715965668,Garden,1,7.5,0.0,0.15,-0.05,0.15,0.1,0.0,2955.8486129882126,Owner
Flat,5,0.004719302819514585,Terrace,1,7.5,0.0,0.15,-0.05,0.1,0.1,0.0,5419.4978836435075,Owner
Flat,6,0.20028358110546202,Terrace,0,7.5,0.0,0.15,-0.05,0.1,0.0,0.0,4903.5889349834215,Owner
Flat,1,18.923389864606172,Nothing,0,7.5,0.0,0.15,-0.05,0.0,0.0,0.0,748.2237667430835,Owner
Flat,2,1.3876930925721453,Garden,0,7.5,0.0,0.15,-0.05,0.15,0.0,0.0,3080.74815241355,Owner
Flat,4,5.442973802898314,Nothing,1,7.5,0.0,0.15,-0.05,0.0,0.1,0.0,2927.0264237044485,Owner
Flat,7,9.134851765064848,Garden,1,7.5,0.0,0.15,-0.05,0.15,0.1,0.0,3787.7702344954805,Owner
Flat,3,3.9998823075899823,Garden,1,7.5,0.0,0.15,-0.05,0.15,0.1,0.0,2924.772610991637,Owner
House,3,0.8311260055428343,Garden,0,7.5,0.2,0.15,-0.05,0.15,0.0,0.0,3536.46130350455,Owner
House,3,6.511906913898305,Terrace,0,7.5,0.2,0.15,-0.05,0.1,0.0,0.0,2406.9717020917133,Owner
Flat,4,4.584597273639555,Nothing,0,7.5,0.0,0.15,-0.05,0.0,0.0,0.15,3122.8774920141886,Agent
Flat,4,6.569879462315672,Nothing,0,7.5,0.0,0.15,-0.05,0.0,0.0,0.15,2516.5844485881994,Agent
Flat,3,7.342874683334662,Nothing,0,7.5,0.0,0.15,-0.05,0.0,0.0,0.15,2197.346895989319,Agent
House,2,18.527151877392395,Garden,1,7.5,0.2,0.15,-0.05,0.15,0.1,0.15,1669.2852941852764,Agent
Flat,3,4.2614564678911675,Terrace,0,7.5,0.0,0.15,-0.05,0.1,0.0,0.15,3205.856304026592,Agent
Flat,4,2.0900253745108897,Terrace,0,7.5,0.0,0.15,-0.05,0.1,0.0,0.15,3656.266168202922,Agent
House,2,5.227223694802879,Terrace,0,7.5,0.2,0.15,-0.05,0.1,0.0,0.15,3097.8316367381103,Agent
House,4,0.35447720063107563,Garden,1,7.5,0.2,0.15,-0.05,0.15,0.1,0.15,7210.51794496327,Agent
House,2,11.384456046852655,Nothing,0,7.5,0.2,0.15,-0.05,0.0,0.0,0.15,2224.001549547319,Agent
Flat,2,0.6356511128522884,Terrace,0,7.5,0.0,0.15,-0.05,0.1,0.0,0.15,2905.311692382633,Agent
Flat,2,1.9863154680455146,Nothing,1,7.5,0.0,0.15,-0.05,0.0,0.1,0.15,2740.8967786138564,Agent
Flat,7,8.457183384991586,Terrace,0,7.5,0.0,0.15,-0.05,0.1,0.0,0.15,4549.045895711836,Agent
House,7,4.547970749700628,Garden,0,7.5,0.2,0.15,-0.05,0.15,0.0,0.15,5742.989610631286,Agent
House,2,2.501370110125041,Nothing,0,7.5,0.2,0.15,-0.05,0.0,0.0,0.15,2803.777642751485,Agent
Flat,6,3.2069087522927227,Garden,0,7.5,0.0,0.15,-0.05,0.15,0.0,0.15,5371.946761351182,Agent
Flat,5,9.639524859532234,Nothing,1,7.5,0.0,0.15,-0.05,0.0,0.1,0.15,2997.675450329787,Agent
Flat,4,2.0776104476451933,Nothing,1,7.5,0.0,0.15,-0.05,0.0,0.1,0.15,4626.857108651173,Agent
House,3,10.18764860296911,Garden,0,7.5,0.2,0.15,-0.05,0.15,0.0,0.15,2640.631321155676,Agent
House,3,0.4613135107966414,Nothing,0,7.5,0.2,0.15,-0.05,0.0,0.0,0.15,3541.3044460534447,Agent
Flat,1,7.498400233730234,Terrace,0,7.5,0.0,0.15,-0.05,0.1,0.0,0.15,1696.1533475423805,Agent
Flat,3,9.404515398126733,Garden,0,7.5,0.0,0.15,-0.05,0.15,0.0,0.15,2395.0952605486577,Agent
Flat,3,1.0033502446510931,Nothing,0,7.5,0.0,0.15,-0.05,0.0,0.0,0.15,3083.280847160293,Agent
House,3,2.813635272805919,Garden,0,7.5,0.2,0.15,-0.05,0.15,0.0,0.15,5076.382604764893,Agent
House,2,0.9046113292735315,Nothing,0,7.5,0.2,0.15,-0.05,0.0,0.0,0.15,3180.704085126747,Agent
House,3,6.131162431452706,Nothing,1,7.5,0.2,0.15,-0.05,0.0,0.1,0.15,3290.8011829409525,Agent
Flat,5,3.8323302075369785,Nothing,0,7.5,0.0,0.15,-0.05,0.0,0.0,0.15,4011.023285417132,Agent
Flat,5,5.043720997085616,Terrace,0,7.5,0.0,0.15,-0.05,0.1,0.0,0.15,3778.2487741892883,Agent
Flat,5,1.093809367976864,Terrace,0,7.5,0.0,0.15,-0.05,0.1,0.0,0.15,4919.047681234374,Agent
Flat,4,1.189673655168473,Nothing,1,7.5,0.0,0.15,-0.05,0.0,0.1,0.15,4146.4464978290025,Agent
House,3,0.211914631066632,Garden,0,7.5,0.2,0.15,-0.05,0.15,0.0,0.15,5029.74602972843,Agent
House,3,1.9435380271816012,Terrace,0,7.5,0.2,0.15,-0.05,0.1,0.0,0.15,3505.313648907437,Agent
House,1,4.102002026184067,Terrace,0,7.5,0.2,0.15,-0.05,0.1,0.0,0.15,2909.349629164447,Agent
House,3,9.757349871303202,Garden,1,7.5,0.2,0.15,-0.05,0.15,0.1,0.15,3128.4850036723083,Agent
Flat,5,5.496974686168278,Terrace,0,7.5,0.0,0.15,-0.05,0.1,0.0,0.15,3804.230911937289,Agent
House,3,2.858156256583508,Nothing,1,7.5,0.2,0.15,-0.05,0.0,0.1,0.15,3708.661740271309,Agent
House,7,15.300832869321738,Nothing,1,7.5,0.2,0.15,-0.05,0.0,0.1,0.15,4450.907244339795,Agent
House,3,6.351367952496542,Garden,1,7.5,0.2,0.15,-0.05,0.15,0.1,0.15,3064.7604517066065,Agent
Flat,3,13.308114335561378,Garden,0,7.5,0.0,0.15,-0.05,0.15,0.0,0.15,2263.17954498574,Agent
Flat,1,3.749518681013277,Garden,0,7.5,0.0,0.15,-0.05,0.15,0.0,0.15,2196.506348801953,Agent
Flat,1,1.4981273910731716,Nothing,0,7.5,0.0,0.15,-0.05,0.0,0.0,0.15,2638.56936987428,Agent
House,6,0.27136594599265473,Garden,1,7.5,0.2,0.15,-0.05,0.15,0.1,0.15,9032.218515591501,Agent
Flat,4,6.474684487511171,Nothing,0,7.5,0.0,0.15,-0.05,0.0,0.0,0.15,3064.882854666532,Agent
Flat,4,0.6465757417544264,Garden,0,7.5,0.0,0.15,-0.05,0.15,0.0,0.15,4677.337005992791,Agent
Flat,1,1.8032364611878846,Nothing,0,7.5,0.0,0.15,-0.05,0.0,0.0,0.15,2797.460856466445,Agent
Flat,3,3.8014685153209693,Balcony,0,7.5,0.0,0.15,-0.05,0.05,0.0,0.15,2698.4451269973374,Agent
Flat,3,4.155344844754279,Nothing,0,7.5,0.0,0.15,-0.05,0.0,0.0,0.15,2525.276407435282,Agent
Flat,3,4.588748941236248,Garden,0,7.5,0.0,0.15,-0.05,0.15,0.0,0.15,2849.711779987551,Agent
Flat,2,0.9091403749788478,Nothing,0,7.5,0.0,0.15,-0.05,0.0,0.0,0.15,2972.200500109177,Agent
Flat,1,2.3880617500038115,Garden,1,7.5,0.0,0.15,-0.05,0.15,0.1,0.15,2442.264051627575,Agent
House,5,4.801137694201848,Nothing,0,7.5,0.2,0.15,-0.05,0.0,0.0,0.15,4727.065096994518,Agent
Flat,4,17.502691032642314,Nothing,0,7.5,0.0,0.15,-0.05,0.0,0.0,0.15,1550.0173913733493,Agent
House,4,6.502990099882648,Garden,0,7.5,0.2,0.15,-0.05,0.15,0.0,0.15,3526.563589793964,Agent
Flat,8,12.794085204151129,Nothing,0,7.5,0.0,0.15,-0.05,0.0,0.0,0.15,3302.8322932635133,Agent
Flat,3,7.181880019041758,Terrace,1,7.5,0.0,0.15,-0.05,0.1,0.1,0.15,2594.7063330616993,Agent
House,4,4.478973206920344,Garden,0,7.5,0.2,0.15,-0.05,0.15,0.0,0.15,3742.267841865319,Agent
Flat,3,1.0661107153887137,Terrace,0,7.5,0.0,0.15,-0.05,0.1,0.0,0.15,3634.0657463478483,Agent
Flat,3,5.493346229838425,Garden,0,7.5,0.0,0.15,-0.05,0.15,0.0,0.15,3166.9104651519883,Agent
Flat,5,4.88258702481846,Nothing,1,7.5,0.0,0.15,-0.05,0.0,0.1,0.15,4237.53915806124,Agent
House,8,4.612413946485956,Nothing,0,7.5,0.2,0.15,-0.05,0.0,0.0,0.15,6353.307978646873,Agent
Flat,3,3.364623873466977,Garden,1,7.5,0.0,0.15,-0.05,0.15,0.1,0.15,3686.9760691619467,Agent
Flat,6,3.7608418601768125,Terrace,0,7.5,0.0,0.15,-0.05,0.1,0.0,0.15,4733.776018033512,Agent
Flat,4,2.035651422110911,Nothing,0,7.5,0.0,0.15,-0.05,0.0,0.0,0.15,3704.7483720903047,Agent
Flat,4,3.6626915446453263,Nothing,0,7.5,0.0,0.15,-0.05,0.0,0.0,0.15,3332.078754045943,Agent
Flat,2,1.1004654540075027,Terrace,1,7.5,0.0,0.15,-0.05,0.1,0.1,0.15,3307.68782026353,Agent
Flat,4,8.178252330108547,Nothing,0,7.5,0.0,0.15,-0.05,0.0,0.0,0.15,2111.709511706048,Agent
Flat,5,1.0276046954361122,Terrace,1,7.5,0.0,0.15,-0.05,0.1,0.1,0.15,5074.390817965858,Agent
Flat,4,0.4439718636719816,Balcony,0,7.5,0.0,0.15,-0.05,0.05,0.0,0.15,3979.410830688025,Agent
Flat,4,2.8656866979984095,Nothing,0,7.5,0.0,0.15,-0.05,0.0,0.0,0.15,3094.0568359591316,Agent
House,3,5.369219460689436,Terrace,0,7.5,0.2,0.15,-0.05,0.1,0.0,0.15,3309.728597749103,Agent
Flat,5,2.878748428817034,Terrace,1,7.5,0.0,0.15,-0.05,0.1,0.1,0.15,4130.443493310551,Agent
Flat,5,1.6200302408773828,Terrace,0,7.5,0.0,0.15,-0.05,0.1,0.0,0.15,4389.137174008051,Agent
House,2,4.084163828959275,Nothing,1,7.5,0.2,0.15,-0.05,0.0,0.1,0.15,3282.5593369466887,Agent
Flat,3,2.130908630736617,Nothing,1,7.5,0.0,0.15,-0.05,0.0,0.1,0.15,4033.3820670506843,Agent
Flat,3,13.505449163326036,Terrace,1,7.5,0.0,0.15,-0.05,0.1,0.1,0.15,1850.9542878615598,Agent
House,3,12.796759337628536,Balcony,0,7.5,0.2,0.15,-0.05,0.05,0.0,0.15,2225.5617309643794,Agent
House,4,3.4895105363590826,Terrace,0,7.5,0.2,0.15,-0.05,0.1,0.0,0.15,3941.740153759667,Agent
Flat,2,1.9866216270422863,Terrace,1,7.5,0.0,0.15,-0.05,0.1,0.1,0.15,3106.9981058434378,Agent
House,6,6.680524243554146,Garden,0,7.5,0.2,0.15,-0.05,0.15,0.0,0.15,5133.79576470112,Agent
Flat,3,0.18701912957678635,Nothing,0,7.5,0.0,0.15,-0.05,0.0,0.0,0.15,3547.2866267644267,Agent
Flat,2,3.2195856233439093,Terrace,0,7.5,0.0,0.15,-0.05,0.1,0.0,0.15,2940.7874854830375,Agent
Flat,3,2.0498014385587537,Balcony,0,7.5,0.0,0.15,-0.05,0.05,0.0,0.15,3177.31488671526,Agent
House,4,12.662248720822467,Garden,0,7.5,0.2,0.15,-0.05,0.15,0.0,0.15,2851.037841676119,Agent
Flat,5,0.060378226400700424,Garden,0,7.5,0.0,0.15,-0.05,0.15,0.0,0.15,5800.08546599098,Agent
Flat,3,4.023913109115993,Nothing,0,7.5,0.0,0.15,-0.05,0.0,0.0,0.15,2742.934220063415,Agent
Flat,3,6.748145726709836,Balcony,0,7.5,0.0,0.15,-0.05,0.05,0.0,0.15,2876.233415815468,Agent
Flat,4,3.3181165307975946,Garden,0,7.5,0.0,0.15,-0.05,0.15,0.0,0.15,3199.3116987057783,Agent
Flat,1,0.44635890432634356,Terrace,0,7.5,0.0,0.15,-0.05,0.1,0.0,0.15,3152.273271035401,Agent
Flat,3,17.96083130004628,Balcony,0,7.5,0.0,0.15,-0.05,0.05,0.0,0.15,1326.3494392959353,Agent
Flat,4,3.6491640351242474,Garden,0,7.5,0.0,0.15,-0.05,0.15,0.0,0.15,3323.9259187796047,Agent
Flat,1,4.762002620964084,Balcony,0,7.5,0.0,0.15,-0.05,0.05,0.0,0.15,2013.0867833303405,Agent
Flat,5,1.3499297670397967,Terrace,0,7.5,0.0,0.15,-0.05,0.1,0.0,0.15,4089.3171114183538,Agent
Flat,3,3.303381414942359,Terrace,0,7.5,0.0,0.15,-0.05,0.1,0.0,0.15,3267.31844070485,Agent
Flat,4,2.8031395544308073,Balcony,1,7.5,0.0,0.15,-0.05,0.05,0.1,0.15,3690.726631389926,Agent
Flat,5,0.38924472283941136,Terrace,0,7.5,0.0,0.15,-0.05,0.1,0.0,0.15,4960.556814178552,Agent
House,4,0.5611444314044407,Nothing,1,7.5,0.2,0.15,-0.05,0.0,0.1,0.15,4556.039103308362,Agent
Flat,3,9.084540907357626,Balcony,0,7.5,0.0,0.15,-0.05,0.05,0.0,0.15,2150.658447289316,Agent
Flat,4,1.3709998438399396,Garden,0,7.5,0.0,0.15,-0.05,0.15,0.0,0.15,4192.880238834467,Agent
Flat,3,1.0843058312969118,Garden,0,7.5,0.0,0.15,-0.05,0.15,0.0,0.15,3557.972978235893,Agent
Flat,1,3.5150932302417464,Terrace,0,7.5,0.0,0.15,-0.05,0.1,0.0,0.15,2652.8917603054474,Agent
Flat,2,7.3212174887384,Nothing,0,7.5,0.0,0.15,-0.05,0.0,0.0,0.15,2084.991814426282,Agent
Flat,4,0.3197415758048822,Garden,0,7.5,0.0,0.15,-0.05,0.15,0.0,0.15,4466.58967602385,Agent
Flat,3,4.299645561570667,Nothing,0,7.5,0.0,0.15,-0.05,0.0,0.0,0.15,2206.947574716762,Agent
Flat,4,0.6346827486498934,Garden,0,7.5,0.0,0.15,-0.05,0.15,0.0,0.15,4474.208789157305,Agent
Flat,2,0.18571183634875682,Terrace,0,7.5,0.0,0.15,-0.05,0.1,0.0,0.15,3513.3611108138048,Agent
Flat,4,0.2709292223847981,Nothing,1,7.5,0.0,0.15,-0.05,0.0,0.1,0.15,3895.028823972932,Agent
Flat,2,8.98378291640906,Balcony,0,7.5,0.0,0.15,-0.05,0.05,0.0,0.15,1864.9236351855218,Agent
Flat,2,0.6276601288068672,Terrace,0,7.5,0.0,0.15,-0.05,0.1,0.0,0.15,2244.0622485814424,Agent
Flat,1,0.23101223915072286,Garden,0,7.5,0.0,0.15,-0.05,0.15,0.0,0.15,2474.730464156537,Agent
Flat,5,2.8803765409826503,Nothing,0,7.5,0.0,0.15,-0.05,0.0,0.0,0.15,3126.2116836884047,Agent
Flat,7,9.289287130413296,Garden,1,7.5,0.0,0.15,-0.05,0.15,0.1,0.15,4894.8935502972945,Agent
Flat,5,1.5218248160799044,Nothing,0,7.5,0.0,0.15,-0.05,0.0,0.0,0.15,4059.7854638723534,Agent
House,5,2.738421661806102,Garden,0,7.5,0.2,0.15,-0.05,0.15,0.0,0.15,5445.240844382242,Agent
Flat,5,0.2037065126492444,Nothing,1,7.5,0.0,0.15,-0.05,0.0,0.1,0.15,4656.965154069998,Agent
Flat,4,2.9808148693756924,Balcony,0,7.5,0.0,0.15,-0.05,0.05,0.0,0.15,3838.637973100574,Agent
House,4,4.309167572435212,Nothing,0,7.5,0.2,0.15,-0.05,0.0,0.0,0.15,3331.7777478801167,Agent
House,4,4.230408628003247,Balcony,1,7.5,0.2,0.15,-0.05,0.05,0.1,0.15,4363.66297176797,Agent
Flat,3,2.020530351400584,Nothing,0,7.5,0.0,0.15,-0.05,0.0,0.0,0.15,3160.901025864853,Agent
Flat,3,1.8955755486777095,Garden,0,7.5,0.0,0.15,-0.05,0.15,0.0,0.15,3419.6106083026857,Agent
House,4,0.5637365377439869,Garden,0,7.5,0.2,0.15,-0.05,0.15,0.0,0.15,5232.966822692376,Agent
Flat,2,2.2848314940464514,Terrace,0,7.5,0.0,0.15,-0.05,0.1,0.0,0.15,2574.0877086138985,Agent
Flat,1,0.5239959709907936,Garden,0,7.5,0.0,0.15,-0.05,0.15,0.0,0.15,2671.253869862807,Agent
Flat,5,7.2749209221968485,Garden,1,7.5,0.0,0.15,-0.05,0.15,0.1,0.15,4264.537591229743,Agent
Flat,2,16.947475271097957,Nothing,0,7.5,0.0,0.15,-0.05,0.0,0.0,0.15,992.9497097280529,Agent
Flat,2,17.545214356009524,Nothing,1,7.5,0.0,0.15,-0.05,0.0,0.1,0.15,1282.9743565257045,Agent
Flat,4,10.015036506594138,Balcony,1,7.5,0.0,0.15,-0.05,0.05,0.1,0.15,2542.3055924762425,Agent
Flat,6,4.591365343776415,Nothing,0,7.5,0.0,0.15,-0.05,0.0,0.0,0.15,4078.159583032324,Agent
Flat,5,6.0343131667104855,Terrace,0,7.5,0.0,0.15,-0.05,0.1,0.0,0.15,4339.882116666228,Agent
Flat,4,1.6788030681875032,Garden,0,7.5,0.0,0.15,-0.05,0.15,0.0,0.15,3910.407694871828,Agent
Flat,8,4.981683304268637,Nothing,1,7.5,0.0,0.15,-0.05,0.0,0.1,0.15,6973.365851015969,Agent
Flat,4,3.0408101447615032,Nothing,1,7.5,0.0,0.15,-0.05,0.0,0.1,0.15,4056.153399312625,Agent
Flat,2,3.2890675587788962,Nothing,0,7.5,0.0,0.15,-0.05,0.0,0.0,0.15,2412.7832939339833,Agent
House,1,7.0894733728686665,Garden,0,7.5,0.2,0.15,-0.05,0.15,0.0,0.15,2450.964531639842,Agent
Flat,4,1.6558600276558297,Nothing,0,7.5,0.0,0.15,-0.05,0.0,0.0,0.15,3587.929208230141,Agent
Flat,2,1.9139185224449948,Garden,1,7.5,0.0,0.15,-0.05,0.15,0.1,0.15,3046.616453074974,Agent
Flat,3,12.927512083135063,Garden,0,7.5,0.0,0.15,-0.05,0.15,0.0,0.15,2135.184358528278,Agent
Flat,2,0.28933370772913336,Garden,0,7.5,0.0,0.15,-0.05,0.15,0.0,0.15,3054.171163554448,Agent
Flat,3,3.3241039241198522,Nothing,1,7.5,0.0,0.15,-0.05,0.0,0.1,0.15,3094.461059571619,Agent
Flat,2,12.19780063549285,Nothing,0,7.5,0.0,0.15,-0.05,0.0,0.0,0.15,1237.0857699769424,Agent
Flat,3,4.7126988129455,Nothing,0,7.5,0.0,0.15,-0.05,0.0,0.0,0.15,2387.582890819088,Agent
Flat,5,3.952775611979838,Terrace,0,7.5,0.0,0.15,-0.05,0.1,0.0,0.15,4255.0898439862685,Agent
Flat,4,1.4367051812518892,Balcony,0,7.5,0.0,0.15,-0.05,0.05,0.0,0.15,3346.99568305875,Agent
Flat,5,2.102453310392968,Garden,0,7.5,0.0,0.15,-0.05,0.15,0.0,0.15,4809.141398580159,Agent
Flat,2,9.554350962767268,Garden,1,7.5,0.0,0.15,-0.05,0.15,0.1,0.15,2146.425987113257,Agent
Flat,2,4.096025778827216,Balcony,0,7.5,0.0,0.15,-0.05,0.05,0.0,0.15,2681.720186330128,Agent
Flat,3,3.6153748500393164,Nothing,0,7.5,0.0,0.15,-0.05,0.0,0.0,0.15,3118.2450992980157,Agent
House,3,0.524468198529216,Terrace,0,7.5,0.2,0.15,-0.05,0.1,0.0,0.15,4409.599208766633,Agent
Flat,3,0.08078998311470881,Garden,0,7.5,0.0,0.15,-0.05,0.15,0.0,0.15,3806.5317785162392,Agent
Flat,2,16.577647978903975,Garden,0,7.5,0.0,0.15,-0.05,0.15,0.0,0.15,1443.9839616312338,Agent
House,5,2.3659327852463403,Garden,1,7.5,0.2,0.15,-0.05,0.15,0.1,0.15,6183.000087889612,Agent
Flat,1,4.621779113553947,Terrace,1,7.5,0.0,0.15,-0.05,0.1,0.1,0.15,2665.3127988042456,Agent
Flat,7,0.4153597691492223,Nothing,0,7.5,0.0,0.15,-0.05,0.0,0.0,0.15,7553.138717854094,Agent
Flat,3,5.746070464472279,Nothing,0,7.5,0.0,0.15,-0.05,0.0,0.0,0.15,2163.2140137963247,Agent
Flat,4,13.48308223448412,Nothing,0,7.5,0.0,0.15,-0.05,0.0,0.0,0.15,1759.9111836208228,Agent
Flat,4,4.2861631879595805,Terrace,1,7.5,0.0,0.15,-0.05,0.1,0.1,0.15,4324.314055964381,Agent
Flat,1,0.6740342991521535,Balcony,0,7.5,0.0,0.15,-0.05,0.05,0.0,0.15,2212.925833968718,Agent
Flat,5,4.358039330275023,Garden,1,7.5,0.0,0.15,-0.05,0.15,0.1,0.15,4003.3848188893567,Agent
Flat,2,7.269595411285781,Nothing,0,7.5,0.0,0.15,-0.05,0.0,0.0,0.15,2435.8654004865875,Agent
Flat,5,2.6078872281344023,Nothing,1,7.5,0.0,0.15,-0.05,0.0,0.1,0.15,4197.221971388056,Agent
Flat,2,10.594561744885315,Garden,1,7.5,0.0,0.15,-0.05,0.15,0.1,0.15,2090.7065926335827,Agent
Flat,3,5.230330982140458,Terrace,1,7.5,0.0,0.15,-0.05,0.1,0.1,0.15,2944.2235495011723,Agent
Flat,4,11.475511708146918,Terrace,0,7.5,0.0,0.15,-0.05,0.1,0.0,0.15,2525.9145838020454,Agent
House,2,4.8842566937016505,Nothing,0,7.5,0.2,0.15,-0.05,0.0,0.0,0.15,2422.310600581175,Agent
Flat,3,0.7037179592046167,Nothing,0,7.5,0.0,0.15,-0.05,0.0,0.0,0.15,3798.087860629814,Agent
Flat,1,1.853084928372473,Terrace,1,7.5,0.0,0.15,-0.05,0.1,0.1,0.15,2929.6855809050503,Agent
Flat,4,1.1269487873151105,Terrace,0,7.5,0.0,0.15,-0.05,0.1,0.0,0.15,3977.753682083515,Agent
Flat,7,11.97495484629651,Garden,1,7.5,0.0,0.15,-0.05,0.15,0.1,0.15,4008.1364946614026,Agent
Flat,4,7.143923467867238,Garden,1,7.5,0.0,0.15,-0.05,0.15,0.1,0.15,3475.9723110844575,Agent
Flat,6,5.6412102667967385,Garden,0,7.5,0.0,0.15,-0.05,0.15,0.0,0.15,5025.782548275705,Agent
Flat,5,1.7902817713168635,Garden,1,7.5,0.0,0.15,-0.05,0.15,0.1,0.15,6783.375879178832,Agent
Flat,4,1.0169789661595643,Nothing,0,7.5,0.0,0.15,-0.05,0.0,0.0,0.15,4230.298720827808,Agent
Flat,2,7.062187429746098,Nothing,0,7.5,0.0,0.15,-0.05,0.0,0.0,0.15,2204.3343874753446,Agent
House,4,3.213771943366735,Garden,0,7.5,0.2,0.15,-0.05,0.15,0.0,0.15,4645.322028752958,Agent
Flat,2,1.2795577295166711,Nothing,0,7.5,0.0,0.15,-0.05,0.0,0.0,0.15,3008.7276916779856,Agent
Flat,6,4.793668871942185,Garden,1,7.5,0.0,0.15,-0.05,0.15,0.1,0.15,5042.591786844325,Agent
Flat,5,0.20584908823963646,Balcony,0,7.5,0.0,0.15,-0.05,0.05,0.0,0.15,4783.347450943133,Agent
House,2,1.973889012717029,Garden,0,7.5,0.2,0.15,-0.05,0.15,0.0,0.15,4098.4951232371095,Agent
Flat,4,3.1607966021174843,Balcony,0,7.5,0.0,0.15,-0.05,0.05,0.0,0.15,3650.566131486691,Agent
Flat,5,0.800599248605534,Garden,1,7.5,0.0,0.15,-0.05,0.15,0.1,0.15,5133.283224850588,Agent
House,2,20.884657736152672,Terrace,0,7.5,0.2,0.15,-0.05,0.1,0.0,0.15,1155.732621076218,Agent
House,3,1.1729020464797122,Terrace,1,7.5,0.2,0.15,-0.05,0.1,0.1,0.15,4873.19256428714,Agent
House,2,0.6983402316664269,Nothing,0,7.5,0.2,0.15,-0.05,0.0,0.0,0.15,3389.869257017113,Agent
Flat,4,1.1378596725190913,Garden,0,7.5,0.0,0.15,-0.05,0.15,0.0,0.15,4610.566406666464,Agent
Flat,5,7.328011245991459,Garden,0,7.5,0.0,0.15,-0.05,0.15,0.0,0.15,3602.518214297103,Agent
Flat,7,2.771325162598201,Garden,0,7.5,0.0,0.15,-0.05,0.15,0.0,0.15,5845.780386540768,Agent
House,3,4.166829443337638,Nothing,1,7.5,0.2,0.15,-0.05,0.0,0.1,0.15,4012.03486094521,Agent
Flat,6,0.10616494951648639,Garden,0,7.5,0.0,0.15,-0.05,0.15,0.0,0.15,6596.688685744376,Agent
Flat,2,0.1751901684096702,Nothing,1,7.5,0.0,0.15,-0.05,0.0,0.1,0.15,2515.7371721288523,Agent
Flat,1,2.951378748969702,Terrace,0,7.5,0.0,0.15,-0.05,0.1,0.0,0.15,1999.2342316883246,Agent
House,4,8.481934907777898,Terrace,0,7.5,0.2,0.15,-0.05,0.1,0.0,0.15,3425.102636706224,Agent
Flat,3,10.824512585782784,Terrace,1,7.5,0.0,0.15,-0.05,0.1,0.1,0.15,2326.8031921352394,Agent
Flat,4,0.4534902818547664,Garden,1,7.5,0.0,0.15,-0.05,0.15,0.1,0.15,4715.578970867947,Agent
Flat,7,3.8648831609652516,Garden,0,7.5,0.0,0.15,-0.05,0.15,0.0,0.15,6242.581587648418,Agent
Flat,6,12.222453618197719,Balcony,0,7.5,0.0,0.15,-0.05,0.05,0.0,0.15,3606.2623706480754,Agent
Flat,6,2.4548923925152417,Terrace,0,7.5,0.0,0.15,-0.05,0.1,0.0,0.15,4555.591083080619,Agent
Flat,7,8.847030824508789,Garden,0,7.5,0.0,0.15,-0.05,0.15,0.0,0.15,4451.056136949667,Agent
Flat,4,0.7175949691092814,Garden,1,7.5,0.0,0.15,-0.05,0.15,0.1,0.15,4729.5346581470985,Agent
Flat,3,13.69727786285637,Nothing,1,7.5,0.0,0.15,-0.05,0.0,0.1,0.15,1873.6907471974214,Agent
Flat,5,6.960019498419614,Garden,0,7.5,0.0,0.15,-0.05,0.15,0.0,0.15,3228.054949374021,Agent
Flat,3,14.179508158214002,Nothing,1,7.5,0.0,0.15,-0.05,0.0,0.1,0.15,1877.633675783655,Agent
Flat,5,5.644593109592982,Nothing,0,7.5,0.0,0.15,-0.05,0.0,0.0,0.15,3365.8656028135906,Agent
Flat,1,2.258099703576552,Garden,0,7.5,0.0,0.15,-0.05,0.15,0.0,0.15,3105.670618731335,Agent
Flat,8,13.917736546059395,Garden,0,7.5,0.0,0.15,-0.05,0.15,0.0,0.15,4198.968806293718,Agent
Flat,2,1.611828451439742,Garden,0,7.5,0.0,0.15,-0.05,0.15,0.0,0.15,2833.7489234523114,Agent
Flat,5,2.018627026807612,Nothing,0,7.5,0.0,0.15,-0.05,0.0,0.0,0.15,3461.139599954794,Agent
Flat,2,6.033355841550835,Nothing,0,7.5,0.0,0.15,-0.05,0.0,0.0,0.15,2076.704905170658,Agent
House,1,7.247583134383784,Nothing,0,7.5,0.2,0.15,-0.05,0.0,0.0,0.15,1924.9511772572475,Agent
Flat,2,13.253872410029023,Nothing,0,7.5,0.0,0.15,-0.05,0.0,0.0,0.15,1400.9968678241537,Agent
House,5,1.1458232657080352,Nothing,1,7.5,0.2,0.15,-0.05,0.0,0.1,0.15,5868.029007590736,Agent
Flat,5,7.997389274953654,Garden,0,7.5,0.0,0.15,-0.05,0.15,0.0,0.15,3546.201524463062,Agent
Flat,3,6.707485617017292,Garden,0,7.5,0.0,0.15,-0.05,0.15,0.0,0.15,2790.610786990625,Agent
House,6,0.3296016770357838,Nothing,1,7.5,0.2,0.15,-0.05,0.0,0.1,0.15,7885.226079437545,Agent
Flat,2,2.448772121701424,Garden,1,7.5,0.0,0.15,-0.05,0.15,0.1,0.15,3355.502998557808,Agent
Flat,5,1.6617618740132432,Garden,1,7.5,0.0,0.15,-0.05,0.15,0.1,0.15,6892.987930250782,Agent
Flat,2,1.815552498552928,Nothing,0,7.5,0.0,0.15,-0.05,0.0,0.0,0.15,2631.6225328153114,Agent
Flat,2,20.35711037339319,Terrace,0,7.5,0.0,0.15,-0.05,0.1,0.0,0.15,1087.3022010193176,Agent
House,3,5.1469809991990045,Nothing,0,7.5,0.2,0.15,-0.05,0.0,0.0,0.15,2678.3108740632983,Agent
House,2,6.323502451526385,Nothing,0,7.5,0.2,0.15,-0.05,0.0,0.0,0.15,2213.6272147074706,Agent
House,6,18.77886636113732,Garden,1,7.5,0.2,0.15,-0.05,0.15,0.1,0.15,3469.404332818659,Agent
Flat,3,2.3676635051643706,Nothing,0,7.5,0.0,0.15,-0.05,0.0,0.0,0.15,3122.877269517303,Agent
Flat,2,8.093406719431021,Garden,0,7.5,0.0,0.15,-0.05,0.15,0.0,0.15,2178.430171213681,Agent
House,3,2.8504986938955605,Balcony,0,7.5,0.2,0.15,-0.05,0.05,0.0,0.15,3586.8769907918168,Agent
Flat,3,10.183200535417038,Terrace,0,7.5,0.0,0.15,-0.05,0.1,0.0,0.15,2002.3554438745468,Agent
Flat,3,0.9962657002461488,Garden,1,7.5,0.0,0.15,-0.05,0.15,0.1,0.15,3958.220984590928,Agent
Flat,2,14.752473209791939,Terrace,0,7.5,0.0,0.15,-0.05,0.1,0.0,0.15,1517.3569277208915,Agent
Flat,4,1.2344393254175554,Garden,0,7.5,0.0,0.15,-0.05,0.15,0.0,0.15,3416.969901579595,Agent
House,3,1.974261916458344,Terrace,0,7.5,0.2,0.15,-0.05,0.1,0.0,0.15,4332.0936015382995,Agent
Flat,4,7.056876044507961,Balcony,0,7.5,0.0,0.15,-0.05,0.05,0.0,0.15,2308.6813854605193,Agent
House,4,2.502356588495185,Nothing,0,7.5,0.2,0.15,-0.05,0.0,0.0,0.15,4266.631861392266,Agent
Flat,4,4.685164055357775,Nothing,0,7.5,0.0,0.15,-0.05,0.0,0.0,0.15,3014.74933036115,Agent
Flat,5,2.9400949690668092,Garden,0,7.5,0.0,0.15,-0.05,0.15,0.0,0.15,4592.60490140893,Agent
Flat,5,6.781152938586439,Balcony,1,7.5,0.0,0.15,-0.05,0.05,0.1,0.15,3449.872191674665,Agent
House,5,1.2959995220950262,Balcony,1,7.5,0.2,0.15,-0.05,0.05,0.1,0.15,7006.179670611677,Agent
Flat,4,0.30118154329465263,Garden,1,7.5,0.0,0.15,-0.05,0.15,0.1,0.15,5201.7488787338725,Agent
Flat,3,1.782870441360368,Nothing,1,7.5,0.0,0.15,-0.05,0.0,0.1,0.15,3548.9181696340647,Agent
Flat,3,3.215205269135781,Nothing,0,7.5,0.0,0.15,-0.05,0.0,0.0,0.15,2755.4779084603574,Agent
House,5,0.9197346982224508,Garden,0,7.5,0.2,0.15,-0.05,0.15,0.0,0.15,5981.865947417672,Agent
Flat,4,2.190953659796779,Balcony,0,7.5,0.0,0.15,-0.05,0.05,0.0,0.15,3940.339341077271,Agent
House,3,2.5539866066122805,Garden,1,7.5,0.2,0.15,-0.05,0.15,0.1,0.15,5179.841526192012,Agent
Flat,2,0.29552305768193454,Nothing,1,7.5,0.0,0.15,-0.05,0.0,0.1,0.15,3551.912108833524,Agent
Flat,6,4.377030674777809,Garden,1,7.5,0.0,0.15,-0.05,0.15,0.1,0.15,5305.555384990283,Agent
Flat,4,10.785650325194624,Nothing,0,7.5,0.0,0.15,-0.05,0.0,0.0,0.15,2244.835713326694,Agent
Flat,4,0.8228576022456812,Nothing,1,7.5,0.0,0.15,-0.05,0.0,0.1,0.15,4196.328023119198,Agent
Flat,3,4.554128628821411,Balcony,0,7.5,0.0,0.15,-0.05,0.05,0.0,0.15,2686.8250029730757,Agent
Flat,3,5.464232786109861,Terrace,0,7.5,0.0,0.15,-0.05,0.1,0.0,0.15,2580.818482137,Agent
Flat,1,2.7179036506796725,Nothing,0,7.5,0.0,0.15,-0.05,0.0,0.0,0.15,2166.245440025197,Agent
House,5,6.038190690047156,Terrace,0,7.5,0.2,0.15,-0.05,0.1,0.0,0.15,4653.722568259766,Agent
Flat,3,2.6443670781082584,Garden,0,7.5,0.0,0.15,-0.05,0.15,0.0,0.15,3533.881298172508,Agent
Flat,3,3.5123251659203096,Balcony,0,7.5,0.0,0.15,-0.05,0.05,0.0,0.15,2883.702033383209,Agent
House,2,0.03690105720673507,Nothing,0,7.5,0.2,0.15,-0.05,0.0,0.0,0.15,3236.8342300423524,Agent
Flat,4,5.883735941515056,Nothing,0,7.5,0.0,0.15,-0.05,0.0,0.0,0.15,2998.117300803985,Agent
Flat,3,5.413832676009013,Nothing,1,7.5,0.0,0.15,-0.05,0.0,0.1,0.15,2891.145702496508,Agent
House,5,0.19578813781308682,Nothing,0,7.5,0.2,0.15,-0.05,0.0,0.0,0.15,4906.449785743411,Agent
Flat,3,2.2963085135505064,Nothing,0,7.5,0.0,0.15,-0.05,0.0,0.0,0.15,3229.451219106027,Agent
Flat,2,19.323751100352617,Nothing,1,7.5,0.0,0.15,-0.05,0.0,0.1,0.15,1286.6476958088988,Agent
Flat,5,2.7299895897809288,Garden,1,7.5,0.0,0.15,-0.05,0.15,0.1,0.15,4960.757935097251,Agent
House,1,3.4852278985845384,Terrace,0,7.5,0.2,0.15,-0.05,0.1,0.0,0.15,2441.369510528116,Agent
Flat,1,12.035849445762416,Nothing,0,7.5,0.0,0.15,-0.05,0.0,0.0,0.15,1184.1656870491688,Agent
Flat,4,6.316170830807772,Nothing,0,7.5,0.0,0.15,-0.05,0.0,0.0,0.15,2915.034490516968,Agent
House,1,4.362208191713996,Nothing,0,7.5,0.2,0.15,-0.05,0.0,0.0,0.15,2274.112442730912,Agent
House,3,7.9926056234838905,Garden,0,7.5,0.2,0.15,-0.05,0.15,0.0,0.15,3050.1897573585597,Agent
Flat,2,9.988985809830007,Nothing,1,7.5,0.0,0.15,-0.05,0.0,0.1,0.15,1698.7735643068102,Agent
Flat,3,3.0521992544632415,Nothing,0,7.5,0.0,0.15,-0.05,0.0,0.0,0.15,3070.869614063137,Agent
Flat,5,3.222817235449181,Garden,1,7.5,0.0,0.15,-0.05,0.15,0.1,0.15,4022.5860611918083,Agent
Flat,4,2.439216556819023,Terrace,1,7.5,0.0,0.15,-0.05,0.1,0.1,0.15,4118.614803511299,Agent
Flat,3,17.011911419677435,Garden,1,7.5,0.0,0.15,-0.05,0.15,0.1,0.15,1872.301967370629,Agent
Flat,1,5.972856590439909,Balcony,0,7.5,0.0,0.15,-0.05,0.05,0.0,0.15,2023.4327854229107,Agent
House,4,0.4344554640734276,Garden,1,7.5,0.2,0.15,-0.05,0.15,0.1,0.15,6164.131407820727,Agent
House,2,9.93739838116295,Terrace,0,7.5,0.2,0.15,-0.05,0.1,0.0,0.15,2061.474914262913,Agent
Flat,6,3.2750192844142205,Terrace,0,7.5,0.0,0.15,-0.05,0.1,0.0,0.15,4651.754637511058,Agent
House,6,0.3561585205662998,Nothing,0,7.5,0.2,0.15,-0.05,0.0,0.0,0.15,5754.507613576864,Agent
Flat,3,3.9893978583499825,Nothing,0,7.5,0.0,0.15,-0.05,0.0,0.0,0.15,2400.2314577941797,Agent
House,6,2.699249572296216,Nothing,1,7.5,0.2,0.15,-0.05,0.0,0.1,0.15,5110.282044765119,Agent
Flat,1,10.50841141219809,Garden,0,7.5,0.0,0.15,-0.05,0.15,0.0,0.15,1758.8884475625546,Agent
Flat,3,1.1407465688777112,Garden,0,7.5,0.0,0.15,-0.05,0.15,0.0,0.15,4068.0601172579704,Agent
House,4,8.75686860262072,Nothing,0,7.5,0.2,0.15,-0.05,0.0,0.0,0.15,2849.8310577443253,Agent
Flat,2,4.078706631177119,Garden,0,7.5,0.0,0.15,-0.05,0.15,0.0,0.15,2900.7439755812034,Agent
Flat,2,0.28079029470381955,Nothing,0,7.5,0.0,0.15,-0.05,0.0,0.0,0.15,2950.1810946086653,Agent
Flat,4,17.85020511355982,Nothing,1,7.5,0.0,0.15,-0.05,0.0,0.1,0.15,1582.988238894056,Agent
Flat,3,3.5935070732554744,Terrace,0,7.5,0.0,0.15,-0.05,0.1,0.0,0.15,3007.5362163391133,Agent
Flat,8,1.7186303907754372,Nothing,0,7.5,0.0,0.15,-0.05,0.0,0.0,0.15,6426.748492930683,Agent
Flat,1,3.1687986608871324,Garden,0,7.5,0.0,0.15,-0.05,0.15,0.0,0.15,2605.7501340917897,Agent
Flat,3,9.754635990236144,Balcony,0,7.5,0.0,0.15,-0.05,0.05,0.0,0.15,2150.0357392574656,Agent
Flat,6,1.8185202687856585,Nothing,0,7.5,0.0,0.15,-0.05,0.0,0.0,0.15,3963.101547386212,Agent
Flat,2,1.0701534770501977,Balcony,0,7.5,0.0,0.15,-0.05,0.05,0.0,0.15,3393.3797864375065,Agent
Flat,2,0.690975522387576,Nothing,1,7.5,0.0,0.15,-0.05,0.0,0.1,0.15,3147.463510470278,Agent
House,3,1.768108039088484,Garden,0,7.5,0.2,0.15,-0.05,0.15,0.0,0.15,3874.5018520538315,Agent
Flat,4,7.5717316698802595,Terrace,0,7.5,0.0,0.15,-0.05,0.1,0.0,0.15,2484.129690054571,Agent
Flat,3,3.1897580193027464,Terrace,0,7.5,0.0,0.15,-0.05,0.1,0.0,0.15,2845.124742081393,Agent
Flat,2,1.2904972825242003,Nothing,1,7.5,0.0,0.15,-0.05,0.0,0.1,0.15,2836.757693765755,Agent
House,5,0.9087186165179261,Garden,0,7.5,0.2,0.15,-0.05,0.15,0.0,0.15,5634.4003591032915,Agent
Flat,7,2.0227986642481524,Balcony,0,7.5,0.0,0.15,-0.05,0.05,0.0,0.15,5438.890194281806,Agent
Flat,1,14.060755292789032,Nothing,1,7.5,0.0,0.15,-0.05,0.0,0.1,0.15,1205.9394321467114,Agent
Flat,3,2.10055959878204,Garden,0,7.5,0.0,0.15,-0.05,0.15,0.0,0.15,3642.841646059786,Agent
Flat,3,22.16621058871158,Nothing,0,7.5,0.0,0.15,-0.05,0.0,0.0,0.15,979.311751477378,Agent
Flat,3,3.3201798269678733,Terrace,0,7.5,0.0,0.15,-0.05,0.1,0.0,0.15,3254.7761225628406,Agent
House,3,0.9871592316682497,Nothing,0,7.5,0.2,0.15,-0.05,0.0,0.0,0.15,4099.102268846287,Agent
House,3,11.08846734600884,Nothing,0,7.5,0.2,0.15,-0.05,0.0,0.0,0.15,1988.6431275706877,Agent
Flat,3,3.0842222723172408,Garden,0,7.5,0.0,0.15,-0.05,0.15,0.0,0.15,3129.2521330102854,Agent
Flat,6,6.183708497195263,Terrace,0,7.5,0.0,0.15,-0.05,0.1,0.0,0.15,4590.490219288874,Agent
House,2,20.586505250561608,Nothing,0,7.5,0.2,0.15,-0.05,0.0,0.0,0.15,1256.967761292309,Agent
Flat,1,0.25738945354293113,Terrace,0,7.5,0.0,0.15,-0.05,0.1,0.0,0.15,2903.761935375006,Agent
Flat,3,0.5084726612342598,Nothing,1,7.5,0.0,0.15,-0.05,0.0,0.1,0.15,3955.8353916577553,Agent
Flat,4,6.3729911360493645,Terrace,1,7.5,0.0,0.15,-0.05,0.1,0.1,0.15,3037.099730237885,Agent
Flat,5,1.6552100581501072,Garden,1,7.5,0.0,0.15,-0.05,0.15,0.1,0.15,5032.2218431015735,Agent
Flat,3,1.01855175627672,Balcony,0,7.5,0.0,0.15,-0.05,0.05,0.0,0.15,3388.030556461608,Agent
Flat,2,0.2007875341000006,Nothing,0,7.5,0.0,0.15,-0.05,0.0,0.0,0.15,2728.7392073221567,Agent
House,4,0.1104444250936431,Balcony,0,7.5,0.2,0.15,-0.05,0.05,0.0,0.15,5051.780080340545,Agent
House,5,7.4468563890961414,Nothing,0,7.5,0.2,0.15,-0.05,0.0,0.0,0.15,4332.391518034325,Agent
Flat,4,0.7218549460335216,Nothing,1,7.5,0.0,0.15,-0.05,0.0,0.1,0.15,3997.37004453303,Agent
Flat,2,3.1529338476935247,Balcony,0,7.5,0.0,0.15,-0.05,0.05,0.0,0.15,2600.981229967134,Agent
House,3,4.655712567820531,Garden,0,7.5,0.2,0.15,-0.05,0.15,0.0,0.15,3655.090388735336,Agent
House,5,2.796157563870309,Nothing,0,7.5,0.2,0.15,-0.05,0.0,0.0,0.15,3842.17058640043,Agent
Flat,2,0.13740407330152613,Balcony,0,7.5,0.0,0.15,-0.05,0.05,0.0,0.15,2720.3618653269905,Agent
House,4,7.650858359617665,Nothing,0,7.5,0.2,0.15,-0.05,0.0,0.0,0.15,3118.7664844505157,Agent
House,3,0.0528443945082271,Terrace,0,7.5,0.2,0.15,-0.05,0.1,0.0,0.15,4231.66970271036,Agent
Flat,5,7.175110418121385,Terrace,0,7.5,0.0,0.15,-0.05,0.1,0.0,0.15,3713.054466517482,Agent
Flat,2,11.188881188318529,Nothing,1,7.5,0.0,0.15,-0.05,0.0,0.1,0.15,1993.2102419671774,Agent
Flat,4,2.83556844461547,Balcony,0,7.5,0.0,0.15,-0.05,0.05,0.0,0.15,3254.036338310855,Agent
Flat,2,3.834425816125082,Terrace,1,7.5,0.0,0.15,-0.05,0.1,0.1,0.15,3177.398901219214,Agent
Flat,3,3.240710306721102,Balcony,1,7.5,0.0,0.15,-0.05,0.05,0.1,0.15,3084.878872836974,Agent
House,2,2.4649990806133593,Balcony,0,7.5,0.2,0.15,-0.05,0.05,0.0,0.15,3313.592150302769,Agent
Flat,4,10.920657427566516,Terrace,1,7.5,0.0,0.15,-0.05,0.1,0.1,0.15,2599.645864034187,Agent
Flat,7,11.218445618418789,Nothing,0,7.5,0.0,0.15,-0.05,0.0,0.0,0.15,2989.939188666219,Agent
Flat,5,2.045983042331863,Balcony,1,7.5,0.0,0.15,-0.05,0.05,0.1,0.15,4307.5727191005435,Agent
Flat,4,4.773465701841266,Terrace,0,7.5,0.0,0.15,-0.05,0.1,0.0,0.15,2820.9946318023012,Agent
House,5,13.080151834527406,Nothing,0,7.5,0.2,0.15,-0.05,0.0,0.0,0.15,3058.5347060290087,Agent
Flat,5,16.358548756225147,Garden,0,7.5,0.0,0.15,-0.05,0.15,0.0,0.15,2609.309215824979,Agent
Flat,3,3.556138669689523,Garden,0,7.5,0.0,0.15,-0.05,0.15,0.0,0.15,3505.058455658364,Agent
Flat,1,3.014931224978737,Nothing,1,7.5,0.0,0.15,-0.05,0.0,0.1,0.15,2247.222880134206,Agent
Flat,2,1.6334612959409631,Nothing,0,7.5,0.0,0.15,-0.05,0.0,0.0,0.15,2800.737857146041,Agent
Flat,6,15.95531520471371,Terrace,0,7.5,0.0,0.15,-0.05,0.1,0.0,0.15,2113.7633364821154,Agent
Flat,5,0.7705035148056729,Nothing,0,7.5,0.0,0.15,-0.05,0.0,0.0,0.15,4739.912600631772,Agent
Flat,2,4.335474393463496,Garden,1,7.5,0.0,0.15,-0.05,0.15,0.1,0.15,3527.0947317835376,Agent
Flat,4,1.6602619653102622,Nothing,0,7.5,0.0,0.15,-0.05,0.0,0.0,0.15,3764.4662034348303,Agent
Flat,4,1.6356382008261607,Terrace,0,7.5,0.0,0.15,-0.05,0.1,0.0,0.15,3703.821404890086,Agent
Flat,3,2.5957054025217245,Terrace,0,7.5,0.0,0.15,-0.05,0.1,0.0,0.15,3475.423980234311,Agent
House,2,33.59782080761886,Balcony,1,7.5,0.2,0.15,-0.05,0.05,0.1,0.15,754.1248526279873,Agent
Flat,4,0.2826734899311677,Garden,0,7.5,0.0,0.15,-0.05,0.15,0.0,0.15,3950.234763638568,Agent
Flat,2,4.3201735964095525,Garden,0,7.5,0.0,0.15,-0.05,0.15,0.0,0.15,2316.7324426747014,Agent
Flat,1,0.43090674253086986,Nothing,0,7.5,0.0,0.15,-0.05,0.0,0.0,0.15,2333.423708274965,Agent
Flat,3,0.8392587362282147,Terrace,1,7.5,0.0,0.15,-0.05,0.1,0.1,0.15,3866.6576594715552,Agent
Flat,2,2.895191692672631,Terrace,0,7.5,0.0,0.15,-0.05,0.1,0.0,0.15,2094.6618214365635,Agent
Flat,4,3.57144686309625,Garden,0,7.5,0.0,0.15,-0.05,0.15,0.0,0.15,4975.996767706211,Agent
House,4,1.4973727113287703,Garden,0,7.5,0.2,0.15,-0.05,0.15,0.0,0.15,4820.282928283469,Agent
Flat,1,1.9023295238839042,Nothing,1,7.5,0.0,0.15,-0.05,0.0,0.1,0.15,2791.8321664703344,Agent
Flat,3,0.45491638323689626,Terrace,1,7.5,0.0,0.15,-0.05,0.1,0.1,0.15,3943.0495512561597,Agent
Flat,2,1.8064262313775978,Terrace,0,7.5,0.0,0.15,-0.05,0.1,0.0,0.15,3249.909216882642,Agent
House,3,16.989779113062543,Garden,0,7.5,0.2,0.15,-0.05,0.15,0.0,0.15,2495.1362683307207,Agent
Flat,5,14.475579317476619,Nothing,0,7.5,0.0,0.15,-0.05,0.0,0.0,0.15,2041.3935628981012,Agent
Flat,4,2.0389261636121576,Garden,0,7.5,0.0,0.15,-0.05,0.15,0.0,0.15,3879.9236896493826,Agent
Flat,2,4.229789715639278,Garden,0,7.5,0.0,0.15,-0.05,0.15,0.0,0.15,2829.49194867686,Agent
Flat,4,12.01730014798798,Terrace,0,7.5,0.0,0.15,-0.05,0.1,0.0,0.15,2557.92209526691,Agent
Flat,4,0.031015108309698315,Garden,0,7.5,0.0,0.15,-0.05,0.15,0.0,0.15,4536.936345769221,Agent
House,4,8.321677164334286,Garden,1,7.5,0.2,0.15,-0.05,0.15,0.1,0.15,3894.9296303924843,Agent
Flat,3,14.818218591413173,Nothing,0,7.5,0.0,0.15,-0.05,0.0,0.0,0.15,1365.084390071146,Agent
Flat,3,0.4788429631317092,Nothing,0,7.5,0.0,0.15,-0.05,0.0,0.0,0.15,3244.789246315435,Agent
Flat,3,0.8803915486109798,Nothing,0,7.5,0.0,0.15,-0.05,0.0,0.0,0.15,2844.026704683613,Agent
Flat,4,16.188548211409138,Terrace,0,7.5,0.0,0.15,-0.05,0.1,0.0,0.15,1883.2530789265802,Agent
Flat,2,3.8559776142847406,Garden,0,7.5,0.0,0.15,-0.05,0.15,0.0,0.15,3066.788077306083,Agent
Flat,4,0.07149185354754567,Garden,0,7.5,0.0,0.15,-0.05,0.15,0.0,0.15,4604.569044336326,Agent
House,1,1.4895510011091286,Nothing,0,7.5,0.2,0.15,-0.05,0.0,0.0,0.15,2865.1262994977637,Agent
Flat,3,2.988672977894771,Terrace,1,7.5,0.0,0.15,-0.05,0.1,0.1,0.15,2967.268347253332,Agent
Flat,5,5.903054343219857,Nothing,1,7.5,0.0,0.15,-0.05,0.0,0.1,0.15,3838.2536129758623,Agent
Flat,3,6.605537341168576,Garden,0,7.5,0.0,0.15,-0.05,0.15,0.0,0.15,2607.2794655355083,Agent
Flat,6,26.931933342485248,Terrace,0,7.5,0.0,0.15,-0.05,0.1,0.0,0.15,1222.6643706974924,Agent
Flat,4,1.6949554269810665,Garden,0,7.5,0.0,0.15,-0.05,0.15,0.0,0.15,4663.482710382005,Agent
Flat,1,3.8633345619544324,Terrace,0,7.5,0.0,0.15,-0.05,0.1,0.0,0.15,2167.46246060437,Agent
Flat,6,3.810595416972328,Nothing,0,7.5,0.0,0.15,-0.05,0.0,0.0,0.15,4287.345606493532,Agent
House,4,2.60139465779218,Nothing,1,7.5,0.2,0.15,-0.05,0.0,0.1,0.15,4755.801942917769,Agent
House,4,0.9266016060389448,Terrace,1,7.5,0.2,0.15,-0.05,0.1,0.1,0.15,6182.747139949516,Agent
Flat,5,18.961556528390346,Terrace,1,7.5,0.0,0.15,-0.05,0.1,0.1,0.15,1951.6490336447027,Agent
Flat,4,9.597413779439295,Nothing,0,7.5,0.0,0.15,-0.05,0.0,0.0,0.15,2740.6157695621355,Agent
Flat,2,3.4490939120805053,Nothing,1,7.5,0.0,0.15,-0.05,0.0,0.1,0.15,2625.555229705053,Agent
Flat,4,4.622186913069447,Garden,1,7.5,0.0,0.15,-0.05,0.15,0.1,0.15,3599.0333957338758,Agent
Flat,4,1.2890700112906384,Terrace,0,7.5,0.0,0.15,-0.05,0.1,0.0,0.15,4009.7812794008264,Agent
Flat,4,3.9239781378005087,Garden,0,7.5,0.0,0.15,-0.05,0.15,0.0,0.15,3429.2761485978876,Agent
Flat,4,5.936727914885518,Terrace,1,7.5,0.0,0.15,-0.05,0.1,0.1,0.15,3438.744054213727,Agent
Flat,4,3.6197541789296137,Terrace,0,7.5,0.0,0.15,-0.05,0.1,0.0,0.15,4103.130833708363,Agent
Flat,4,23.170508776151685,Terrace,0,7.5,0.0,0.15,-0.05,0.1,0.0,0.15,1099.2203502686343,Agent
Flat,4,4.725273074927703,Balcony,0,7.5,0.0,0.15,-0.05,0.05,0.0,0.15,3198.038902716292,Agent
Flat,2,2.3179111538684225,Garden,0,7.5,0.0,0.15,-0.05,0.15,0.0,0.15,2928.958993492363,Agent
Flat,2,7.395383301091531,Terrace,0,7.5,0.0,0.15,-0.05,0.1,0.0,0.15,2097.8612513566222,Agent
Flat,5,0.9344348818922593,Nothing,1,7.5,0.0,0.15,-0.05,0.0,0.1,0.15,4476.79382507042,Agent
Flat,2,2.4267301307151667,Nothing,0,7.5,0.0,0.15,-0.05,0.0,0.0,0.15,2688.4111838083177,Agent
House,1,2.1305764427688483,Balcony,0,7.5,0.2,0.15,-0.05,0.05,0.0,0.15,2651.4507860555095,Agent
Flat,2,2.826471483150584,Nothing,0,7.5,0.0,0.15,-0.05,0.0,0.0,0.15,1843.1096632634528,Agent
Flat,4,7.611253765342133,Nothing,0,7.5,0.0,0.15,-0.05,0.0,0.0,0.15,2249.5125884387944,Agent
Flat,4,3.309919516937448,Garden,0,7.5,0.0,0.15,-0.05,0.15,0.0,0.15,3653.765767650519,Agent
Flat,5,7.899746297875579,Garden,0,7.5,0.0,0.15,-0.05,0.15,0.0,0.15,3810.633705006235,Agent
Flat,2,4.29587781246959,Nothing,0,7.5,0.0,0.15,-0.05,0.0,0.0,0.15,2417.8369764016397,Agent
Flat,4,2.0932793851026203,Nothing,0,7.5,0.0,0.15,-0.05,0.0,0.0,0.15,2777.955670510196,Agent
House,4,8.30309668864543,Nothing,0,7.5,0.2,0.15,-0.05,0.0,0.0,0.15,3262.363939559397,Agent
House,7,1.360944703258735,Nothing,0,7.5,0.2,0.15,-0.05,0.0,0.0,0.15,6923.722740624497,Agent
Flat,2,1.2704820564755195,Nothing,0,7.5,0.0,0.15,-0.05,0.0,0.0,0.15,2524.22819114529,Agent
Flat,4,3.5109691322508203,Terrace,0,7.5,0.0,0.15,-0.05,0.1,0.0,0.15,3372.5818288522087,Agent
Flat,5,1.5112669074681186,Garden,1,7.5,0.0,0.15,-0.05,0.15,0.1,0.15,5613.986900532168,Agent
Flat,2,0.04564286944328279,Garden,0,7.5,0.0,0.15,-0.05,0.15,0.0,0.15,3384.16552247035,Agent
House,4,5.224848544077591,Terrace,0,7.5,0.2,0.15,-0.05,0.1,0.0,0.15,3596.444251656082,Agent
Flat,4,3.577923359336209,Nothing,0,7.5,0.0,0.15,-0.05,0.0,0.0,0.15,2870.402469543796,Agent
Flat,1,2.9486029991851916,Terrace,0,7.5,0.0,0.15,-0.05,0.1,0.0,0.15,2353.416777671198,Agent
Flat,3,17.05147034953414,Nothing,1,7.5,0.0,0.15,-0.05,0.0,0.1,0.15,1868.080253404279,Agent
Flat,1,4.233813830778963,Garden,0,7.5,0.0,0.15,-0.05,0.15,0.0,0.15,2548.678095650451,Agent
Flat,6,9.954647641652643,Terrace,0,7.5,0.0,0.15,-0.05,0.1,0.0,0.15,3683.7573939008817,Agent
Flat,4,0.750919168739037,Garden,0,7.5,0.0,0.15,-0.05,0.15,0.0,0.15,3849.5387323621685,Agent
Flat,2,4.210631682170712,Terrace,0,7.5,0.0,0.15,-0.05,0.1,0.0,0.15,2340.1941594321097,Agent
House,2,10.123995126788541,Nothing,1,7.5,0.2,0.15,-0.05,0.0,0.1,0.15,2464.893991013551,Agent
House,3,4.374613519645215,Nothing,0,7.5,0.2,0.15,-0.05,0.0,0.0,0.15,3502.546365349367,Agent
Flat,6,6.329492431770306,Nothing,0,7.5,0.0,0.15,-0.05,0.0,0.0,0.15,3472.4860826510285,Agent
Flat,4,2.326422452088375,Garden,0,7.5,0.0,0.15,-0.05,0.15,0.0,0.15,3892.758811544393,Agent
Flat,2,0.4850304289052596,Terrace,0,7.5,0.0,0.15,-0.05,0.1,0.0,0.15,2812.73169768173,Agent
Flat,2,3.061526685652196,Balcony,1,7.5,0.0,0.15,-0.05,0.05,0.1,0.15,2667.5490313246482,Agent
Flat,7,2.5083333998424107,Terrace,0,7.5,0.0,0.15,-0.05,0.1,0.0,0.15,6471.332462019258,Agent
Flat,3,10.089293761294103,Nothing,0,7.5,0.0,0.15,-0.05,0.0,0.0,0.15,1933.6977973467951,Agent
Flat,3,1.398538445012143,Nothing,0,7.5,0.0,0.15,-0.05,0.0,0.0,0.15,2799.264671476581,Agent
Flat,3,17.016131322534825,Nothing,0,7.5,0.0,0.15,-0.05,0.0,0.0,0.15,1212.8030826823358,Agent
Flat,3,15.866898233462193,Garden,0,7.5,0.0,0.15,-0.05,0.15,0.0,0.15,1706.083290020226,Agent
Flat,3,1.422646193108916,Nothing,0,7.5,0.0,0.15,-0.05,0.0,0.0,0.15,2974.660969782213,Agent
House,1,2.1389520327275795,Garden,0,7.5,0.2,0.15,-0.05,0.15,0.0,0.15,3595.794772184347,Agent
House,2,11.29550877690156,Nothing,0,7.5,0.2,0.15,-0.05,0.0,0.0,0.15,1807.9435228170723,Agent
Flat,3,16.99932448348955,Balcony,0,7.5,0.0,0.15,-0.05,0.05,0.0,0.15,1345.1468371560145,Agent
House,2,2.9298934269369536,Balcony,1,7.5,0.2,0.15,-0.05,0.05,0.1,0.15,3700.3012262524817,Agent
Flat,4,1.9356490019428678,Terrace,0,7.5,0.0,0.15,-0.05,0.1,0.0,0.15,3924.5669727357904,Agent
House,6,3.7337315857610225,Nothing,0,7.5,0.2,0.15,-0.05,0.0,0.0,0.15,5232.892587049307,Agent
House,3,5.820063207231278,Garden,0,7.5,0.2,0.15,-0.05,0.15,0.0,0.15,3551.4033049475415,Agent
Flat,5,1.5974085897829629,Balcony,0,7.5,0.0,0.15,-0.05,0.05,0.0,0.15,4121.330632401992,Agent
Flat,2,6.668000560401078,Nothing,0,7.5,0.0,0.15,-0.05,0.0,0.0,0.15,2047.1710929273636,Agent
Flat,5,0.2651970219359077,Balcony,1,7.5,0.0,0.15,-0.05,0.05,0.1,0.15,5503.078713899907,Agent
Flat,5,0.252754654061188,Garden,0,7.5,0.0,0.15,-0.05,0.15,0.0,0.15,4560.510727918639,Agent
Flat,2,2.4411451790312495,Terrace,0,7.5,0.0,0.15,-0.05,0.1,0.0,0.15,3031.060362840241,Agent
Flat,3,2.1807030768327,Balcony,0,7.5,0.0,0.15,-0.05,0.05,0.0,0.15,3455.7371629796785,Agent
Flat,3,1.8963063511938427,Nothing,0,7.5,0.0,0.15,-0.05,0.0,0.0,0.15,2844.684274970752,Agent
House,5,3.3767304482344684,Nothing,0,7.5,0.2,0.15,-0.05,0.0,0.0,0.15,6129.372660895528,Agent
House,3,1.9337093032494221,Terrace,1,7.5,0.2,0.15,-0.05,0.1,0.1,0.15,5388.342205046073,Agent
Flat,4,1.0675623872149762,Nothing,0,7.5,0.0,0.15,-0.05,0.0,0.0,0.15,3060.379121815147,Agent
Flat,1,1.851476036529416,Terrace,0,7.5,0.0,0.15,-0.05,0.1,0.0,0.15,2722.7400035305204,Agent
Flat,5,18.425288394094434,Garden,0,7.5,0.0,0.15,-0.05,0.15,0.0,0.15,2217.086703622685,Agent
Flat,4,2.6476083621871953,Garden,0,7.5,0.0,0.15,-0.05,0.15,0.0,0.15,3496.0481340378215,Agent
House,2,2.941348899641984,Terrace,0,7.5,0.2,0.15,-0.05,0.1,0.0,0.15,3478.7479084271754,Agent
Flat,2,4.296540020920419,Garden,0,7.5,0.0,0.15,-0.05,0.15,0.0,0.15,2535.4358715340727,Agent
Flat,3,20.47395383305034,Nothing,0,7.5,0.0,0.15,-0.05,0.0,0.0,0.15,1294.505951226276,Agent
Flat,5,1.3827300555338742,Nothing,0,7.5,0.0,0.15,-0.05,0.0,0.0,0.15,3765.910908912003,Agent
Flat,3,5.71724463254645,Garden,0,7.5,0.0,0.15,-0.05,0.15,0.0,0.15,2604.9665549262954,Agent
Flat,4,6.293635731467112,Terrace,0,7.5,0.0,0.15,-0.05,0.1,0.0,0.15,3729.787353271449,Agent
House,2,4.673857480194014,Nothing,0,7.5,0.2,0.15,-0.05,0.0,0.0,0.15,2752.298555455231,Agent
Flat,3,0.46374817200398677,Nothing,0,7.5,0.0,0.15,-0.05,0.0,0.0,0.15,3478.7058477090272,Agent
Flat,5,5.64853801523644,Nothing,0,7.5,0.0,0.15,-0.05,0.0,0.0,0.15,3701.1258552001327,Agent
Flat,5,0.3312049731437815,Terrace,0,7.5,0.0,0.15,-0.05,0.1,0.0,0.15,4770.727904367743,Agent
House,5,4.533467781591341,Nothing,0,7.5,0.2,0.15,-0.05,0.0,0.0,0.15,4152.9752860382005,Agent
House,2,6.72732043582701,Terrace,1,7.5,0.2,0.15,-0.05,0.1,0.1,0.15,3180.3955552409993,Agent
Flat,5,1.1847539870973123,Terrace,0,7.5,0.0,0.15,-0.05,0.1,0.0,0.15,5539.354123188678,Agent
Flat,4,9.21385372880897,Garden,0,7.5,0.0,0.15,-0.05,0.15,0.0,0.15,2850.2730201463833,Agent
Flat,3,0.15412010996799702,Garden,0,7.5,0.0,0.15,-0.05,0.15,0.0,0.15,3964.5336735238143,Agent
Flat,2,9.283501993670866,Terrace,0,7.5,0.0,0.15,-0.05,0.1,0.0,0.15,1934.5099248978784,Agent
House,4,3.0839783909849694,Garden,0,7.5,0.2,0.15,-0.05,0.15,0.0,0.15,4820.440443162482,Agent
Flat,4,1.2268687309126556,Garden,0,7.5,0.0,0.15,-0.05,0.15,0.0,0.15,3979.5875560304553,Agent
Flat,2,0.7180710980969138,Nothing,0,7.5,0.0,0.15,-0.05,0.0,0.0,0.15,2838.835064506479,Agent
Flat,6,15.320823037540091,Garden,0,7.5,0.0,0.15,-0.05,0.15,0.0,0.15,3081.568671248341,Agent
Flat,7,0.3772051576196155,Terrace,0,7.5,0.0,0.15,-0.05,0.1,0.0,0.15,7520.135649035273,Agent
Flat,4,1.1100548392448715,Terrace,1,7.5,0.0,0.15,-0.05,0.1,0.1,0.15,4862.04452947165,Agent
Flat,2,2.137191404536912,Nothing,0,7.5,0.0,0.15,-0.05,0.0,0.0,0.15,2669.8615493594266,Agent
Flat,4,4.841011204494486,Terrace,0,7.5,0.0,0.15,-0.05,0.1,0.0,0.15,4049.157504897231,Agent
Flat,2,3.9351039017353178,Garden,0,7.5,0.0,0.15,-0.05,0.15,0.0,0.15,2691.413702934065,Agent
Flat,2,0.671335415390899,Terrace,0,7.5,0.0,0.15,-0.05,0.1,0.0,0.15,2979.245816253996,Agent
Flat,2,1.71053630411802,Nothing,0,7.5,0.0,0.15,-0.05,0.0,0.0,0.15,2169.73168653046,Agent
Flat,2,1.36397893255261,Nothing,0,7.5,0.0,0.15,-0.05,0.0,0.0,0.15,2738.1710738640168,Agent
Flat,4,1.2010852277966628,Terrace,0,7.5,0.0,0.15,-0.05,0.1,0.0,0.15,4264.637083686502,Agent
Flat,3,2.6478708940377493,Balcony,0,7.5,0.0,0.15,-0.05,0.05,0.0,0.15,3395.8026297536167,Agent
Flat,1,6.08751044529768,Nothing,1,7.5,0.0,0.15,-0.05,0.0,0.1,0.15,1969.1676546228541,Agent
Flat,1,1.226006039278473,Garden,1,7.5,0.0,0.15,-0.05,0.15,0.1,0.15,3722.042479980858,Agent
Flat,6,2.283888432115991,Nothing,0,7.5,0.0,0.15,-0.05,0.0,0.0,0.15,5040.5078938258275,Agent
Flat,2,2.479007161768635,Terrace,0,7.5,0.0,0.15,-0.05,0.1,0.0,0.15,2491.028762827365,Agent
House,3,18.744533776833784,Garden,0,7.5,0.2,0.15,-0.05,0.15,0.0,0.15,1906.5824179410058,Agent
Flat,1,15.468529241937958,Balcony,0,7.5,0.0,0.15,-0.05,0.05,0.0,0.15,1183.3231658170535,Agent
Flat,4,8.050630314578598,Garden,0,7.5,0.0,0.15,-0.05,0.15,0.0,0.15,3401.635110725671,Agent
Flat,2,1.383110110064952,Nothing,0,7.5,0.0,0.15,-0.05,0.0,0.0,0.15,2660.9974907025153,Agent
Flat,2,0.3523125083853791,Nothing,1,7.5,0.0,0.15,-0.05,0.0,0.1,0.15,2835.3590644156043,Agent
Flat,4,1.9056003726596442,Garden,0,7.5,0.0,0.15,-0.05,0.15,0.0,0.15,4176.866892127719,Agent
Flat,3,1.5516466455118114,Nothing,0,7.5,0.0,0.15,-0.05,0.0,0.0,0.15,2890.1445637437546,Agent
Flat,2,3.5253478547030976,Garden,0,7.5,0.0,0.15,-0.05,0.15,0.0,0.15,2320.2328613210575,Agent
Flat,1,7.5192650862815515,Terrace,1,7.5,0.0,0.15,-0.05,0.1,0.1,0.15,1882.5750663928868,Agent
Flat,5,9.771025143988215,Garden,0,7.5,0.0,0.15,-0.05,0.15,0.0,0.15,3220.843818602013,Agent
House,1,9.317268389840109,Nothing,0,7.5,0.2,0.15,-0.05,0.0,0.0,0.15,1772.8416378837119,Agent
Flat,2,2.2289014774395017,Nothing,0,7.5,0.0,0.15,-0.05,0.0,0.0,0.15,2891.8634411190587,Agent
Flat,3,5.811505350055038,Nothing,1,7.5,0.0,0.15,-0.05,0.0,0.1,0.15,2387.3097638020768,Agent
Flat,4,1.8758983655938077,Nothing,0,7.5,0.0,0.15,-0.05,0.0,0.0,0.15,3227.4611286190125,Agent
Flat,2,0.31419605949613155,Nothing,1,7.5,0.0,0.15,-0.05,0.0,0.1,0.15,2792.8175372112546,Agent
Flat,6,6.046020076459111,Nothing,0,7.5,0.0,0.15,-0.05,0.0,0.0,0.15,3884.8420144677966,Agent
Flat,3,0.049380808496267525,Nothing,0,7.5,0.0,0.15,-0.05,0.0,0.0,0.15,3775.154176703396,Agent
Flat,5,2.631241279700745,Nothing,0,7.5,0.0,0.15,-0.05,0.0,0.0,0.15,3907.8235695485178,Agent
House,4,1.9977576588575598,Terrace,0,7.5,0.2,0.15,-0.05,0.1,0.0,0.15,4586.528647397589,Agent
House,4,5.910690276707358,Garden,0,7.5,0.2,0.15,-0.05,0.15,0.0,0.15,4583.155870491069,Agent
Flat,5,7.267418715654293,Terrace,1,7.5,0.0,0.15,-0.05,0.1,0.1,0.15,4762.591641075012,Agent
Flat,3,1.812707995578756,Garden,0,7.5,0.0,0.15,-0.05,0.15,0.0,0.15,3638.473719212611,Agent
Flat,5,8.346656579470675,Terrace,0,7.5,0.0,0.15,-0.05,0.1,0.0,0.15,2669.2629849396544,Agent
Flat,3,1.7401107273569383,Terrace,0,7.5,0.0,0.15,-0.05,0.1,0.0,0.15,2944.2881627424745,Agent
Flat,6,2.955899316347989,Nothing,0,7.5,0.0,0.15,-0.05,0.0,0.0,0.15,4708.784273147851,Agent
House,4,6.491756753103576,Garden,0,7.5,0.2,0.15,-0.05,0.15,0.0,0.15,4078.196624169675,Agent
Flat,4,5.903238627443741,Garden,0,7.5,0.0,0.15,-0.05,0.15,0.0,0.15,2675.4362510141023,Agent
House,4,21.85779696431995,Terrace,0,7.5,0.2,0.15,-0.05,0.1,0.0,0.15,1824.4452622878105,Agent
Flat,2,1.2755002219923774,Nothing,0,7.5,0.0,0.15,-0.05,0.0,0.0,0.15,2837.644720316467,Agent
