property_type,n_rooms,dist_centre_km,outdoor_space,near_underground,monthly_rent_gbp,listing_type
Flat,4,2.1912215353974536,Nothing,0,3482.235341085815,Owner
House,5,7.5754739216322715,Nothing,0,3448.2966609357422,Owner
Flat,5,4.149337359383612,Nothing,1,5188.841209263418,Owner
Flat,4,1.5133859130711893,Garden,0,5241.36438548516,Owner
Flat,2,5.9364490355723625,Nothing,0,2119.2782234861165,Owner
Flat,7,4.189604160774717,Terrace,0,3342.5951904599597,Owner
Flat,4,7.95415081360898,Garden,0,1868.5868355849573,Owner
House,3,6.64060249869231,Terrace,1,3552.6631162591207,Owner
Flat,1,4.709426506615993,Balcony,0,1817.4845363715067,Owner
Flat,4,3.3488886813008123,Terrace,0,2774.07781342261,Owner
Flat,4,0.7146319423761691,Nothing,0,2822.97910248484,Owner
House,4,1.5145404636634514,Terrace,0,3464.3308600309465,Owner
House,1,2.7158787331419076,Nothing,1,2929.05772886682,Owner
Flat,2,4.572702409857453,Terrace,0,3456.9750929913407,Owner
Flat,8,3.604728573631553,Garden,0,2990.4032908756117,Owner
Flat,7,1.6996828341644223,Garden,0,6997.762499798031,Owner
Flat,3,0.03242671116690151,Terrace,0,3208.34774957383,Owner
Flat,3,3.4282688510986774,Balcony,0,3863.3326092627167,Owner
Flat,2,1.6817431412409147,Garden,1,2278.843447198765,Owner
Flat,1,6.63274216899862,Terrace,1,2570.591460974455,Owner
Flat,5,0.12118819004625181,Balcony,1,6854.6025945282445,Owner
Flat,3,4.395309661438342,Garden,1,2617.542226476513,Owner
Flat,6,14.191441185867115,Terrace,0,2888.216855289115,Owner
Flat,6,0.9582805450842118,Garden,0,4141.239745553172,Owner
Flat,2,3.1899768612348387,Nothing,1,2437.2222220108365,Owner
House,2,0.47937265009403307,Nothing,1,4019.3664868919727,Owner
Flat,3,4.913246705322382,Nothing,1,2538.2684132443824,Owner
Flat,6,3.998449535949602,Garden,0,4059.7141908632025,Owner
Flat,3,2.615887341856334,Nothing,0,2406.331612189093,Owner
Flat,3,3.684210463478995,Nothing,1,2503.605356305122,Owner
Flat,4,11.344526322154412,Nothing,1,1493.7048492761894,Owner
Flat,3,1.0926106223277317,Garden,1,3366.0694458349562,Owner
Flat,7,0.11411492965000414,Nothing,0,4384.583170225132,Owner
House,3,9.890380829046354,Nothing,0,1309.9306010686519,Owner
House,3,4.303299643822846,Terrace,0,2926.294414841939,Owner
House,3,11.066394298015023,Nothing,1,3723.0638704942053,Owner
Flat,6,4.543414021101691,Terrace,0,2466.354241741234,Owner
Flat,5,8.30789704168021,Terrace,0,1923.3686109652194,Owner
Flat,9,2.807730177683868,Garden,1,6136.64461576419,Owner
Flat,4,6.928671215841588,Nothing,0,1960.0548392061346,Owner
Flat,3,12.2116195243503,Garden,1,1255.4309504017558,Owner
Flat,4,4.244597115474032,Terrace,0,3115.298330898983,Owner
Flat,2,0.9970444905313678,Garden,1,2992.3474847967377,Owner
House,5,1.5653249856366385,Terrace,0,4195.462439124016,Owner
Flat,4,1.1072535305364735,Garden,1,3643.997031400612,Owner
Flat,6,1.4175009940727592,Nothing,1,3719.335185487869,Owner
Flat,3,1.8294106395736867,Nothing,0,2458.784270877281,Owner
Flat,1,4.049908432038345,Garden,0,3190.023527112913,Owner
Flat,3,4.433558065018187,Garden,0,3491.3338861415373,Owner
Flat,4,2.7799845084185435,Garden,0,3249.74664018041,Owner
House,5,4.778027384912371,Nothing,1,3061.265223548539,Owner
House,2,0.4254747576855111,Terrace,0,3368.582988926054,Owner
House,1,0.4594155982650752,Terrace,0,2967.271572685156,Owner
House,5,0.9426809002664526,Garden,0,4922.967683359206,Owner
Flat,4,3.649859810873943,Nothing,1,3136.372566523322,Owner
House,4,1.203958582359604,Nothing,1,5256.48762881344,Owner
Flat,2,1.6653808733135569,Nothing,0,2083.847263955874,Owner
Flat,4,2.5567357668028374,Nothing,0,3756.876510671455,Owner
Flat,5,8.353007316259138,Garden,0,3640.040376448968,Owner
Flat,5,0.06979556282118814,Garden,0,6337.077057899533,Owner
Flat,2,5.240244491350255,Garden,0,2019.2951736135346,Owner
Flat,6,5.526319775775111,Garden,0,4592.55483754074,Owner
House,7,8.013696500504556,Garden,0,8529.986661124074,Owner
Flat,1,13.496909824771476,Garden,0,1573.8437043477418,Owner
Flat,5,0.10171689702263215,Balcony,0,3121.4290050419027,Owner
Flat,3,0.8349014240557615,Nothing,0,2910.462200268278,Owner
Flat,3,10.865302700153755,Nothing,0,1709.2197566297878,Owner
House,4,3.0672324616451734,Nothing,1,5016.853112652951,Owner
Flat,2,4.157343152448335,Nothing,1,2029.075079701786,Owner
House,1,5.4387653755107825,Garden,0,3191.3940672372128,Owner
House,4,5.6826083401094865,Nothing,0,2274.442816705802,Owner
Flat,4,13.422186220273499,Garden,1,3960.7570304274664,Owner
Flat,2,28.96211347018033,Nothing,1,589.587631121299,Owner
House,3,6.36764097232243,Balcony,0,2242.1123914642208,Owner
Flat,5,1.6929207902268364,Nothing,0,3588.1188385763157,Owner
Flat,3,10.59101173847779,Garden,0,1602.287427878807,Owner
House,2,0.2523677026024477,Garden,0,2688.9000948047646,Owner
Flat,1,1.313847276415242,Nothing,0,2163.3686289118064,Owner
Flat,2,11.383890749635237,Garden,0,997.5894858073523,Owner
Flat,4,1.4798584458301167,Nothing,0,2613.0843577699115,Owner
House,2,1.246481998352206,Nothing,0,2846.489783276938,Owner
Flat,3,0.7432268527692112,Nothing,0,2937.2915503106324,Owner
Flat,2,9.798941551541256,Nothing,0,1188.5872080150618,Owner
Flat,6,3.466318528654564,Nothing,0,3677.0717533957363,Owner
Flat,2,5.618007723221529,Garden,0,2523.704731041281,Owner
Flat,6,1.3660457880636798,Nothing,0,4363.0463718105975,Owner
Flat,2,7.094922978741559,Nothing,1,1657.4055553760202,Owner
Flat,1,7.135697299578956,Nothing,0,1419.1090160502863,Owner
House,2,1.8741802064597282,Garden,1,3858.0045042366673,Owner
Flat,4,2.6439520851583853,Nothing,1,3123.3726674174954,Owner
Flat,4,1.1766517823414586,Nothing,0,4021.8260279708165,Owner
Flat,6,18.766774861734074,Nothing,0,3510.205031301209,Owner
House,3,5.186681659435815,Terrace,0,2244.9936576870737,Owner
Flat,1,13.631876477177027,Garden,1,1412.080045001532,Owner
House,4,1.8076158425404136,Balcony,1,4092.3243108884035,Owner
Flat,4,7.613799711270445,Nothing,1,1328.627054937614,Owner
Flat,2,7.25915130024136,Nothing,0,1873.016485622396,Owner
Flat,5,5.882690535499076,Terrace,0,2959.3970832777804,Owner
Flat,5,16.854161794382893,Garden,0,1106.2925832921067,Owner
Flat,4,2.500708965940357,Terrace,0,2910.1278430215903,Owner
Flat,3,0.7004345865100579,Terrace,0,3628.2782985025674,Owner
Flat,3,5.5692722002376644,Nothing,0,2327.561034407896,Owner
Flat,4,6.533901436091264,Nothing,1,2606.968114032943,Owner
Flat,4,4.279043230004657,Balcony,0,2749.1845708926885,Owner
House,3,1.1585122037602504,Terrace,0,3413.517740575408,Owner
Flat,4,3.51049506125729,Garden,0,3727.060893586666,Owner
Flat,3,1.8712112949002624,Nothing,1,2156.803988862583,Owner
House,4,2.7884203958921567,Balcony,1,3287.2218756246466,Owner
Flat,3,5.181266928682797,Terrace,0,2599.4260523882085,Owner
Flat,4,6.8366710840610665,Balcony,0,3162.180547841406,Owner
Flat,3,1.3212907745905906,Nothing,0,2684.664887704334,Owner
Flat,1,2.59870423808171,Nothing,1,1938.5000212263944,Owner
House,7,1.5678143550541637,Nothing,0,3352.5137552074043,Owner
House,2,1.107172649255106,Garden,0,3547.342406983415,Owner
Flat,2,7.648219716832733,Balcony,0,2528.7808494756364,Owner
House,3,11.998382485218567,Garden,0,2006.0643355487696,Owner
House,2,2.3120203811650066,Nothing,1,3420.417274382225,Owner
Flat,4,6.95711594296932,Garden,0,1711.056789436924,Owner
House,4,11.364902787360888,Terrace,0,3794.3891106948863,Owner
Flat,6,9.35804781949586,Nothing,0,4820.056437707433,Owner
House,3,1.0094389980158063,Nothing,0,3924.416053552248,Owner
House,3,15.651107082044257,Terrace,1,1265.6259326813308,Owner
Flat,3,2.363447688789533,Terrace,0,3685.2987901562474,Owner
Flat,4,2.071827959610007,Garden,1,4100.053074209431,Owner
Flat,8,0.3223263645829332,Nothing,1,5460.9321689478575,Owner
Flat,1,3.329349595318489,Nothing,0,1900.3958577411488,Owner
House,5,0.5771306646551917,Garden,0,4153.659991391463,Owner
House,3,1.4286852989288443,Terrace,0,4664.761212850854,Owner
Flat,3,1.9058820690720644,Nothing,1,2949.4893223691824,Owner
Flat,8,8.272864815043215,Nothing,0,3740.915706204526,Owner
Flat,6,10.416792028767937,Garden,0,3591.0937550620993,Owner
Flat,3,1.8010223803736893,Terrace,0,2580.8226728654136,Owner
Flat,1,9.78428346581652,Garden,1,1904.6142208942247,Owner
Flat,3,9.732634503980556,Garden,0,1275.6996676944534,Owner
House,4,7.233427746598924,Nothing,0,2911.412293868642,Owner
Flat,3,0.7931918373443041,Nothing,0,2691.0206342783326,Owner
Flat,5,5.861124828976646,Nothing,0,1947.2506368739562,Owner
Flat,4,14.504298636628972,Garden,1,3355.8977116733904,Owner
Flat,3,5.737024804786159,Nothing,0,1990.6235160892006,Owner
House,7,2.0144684534963284,Terrace,1,7332.72925475339,Owner
House,1,3.47153243578947,Balcony,0,1756.6407484655656,Owner
Flat,2,5.18840976818378,Terrace,0,1637.6083457098637,Owner
Flat,5,3.5725733270672215,Garden,0,4285.588983702163,Owner
Flat,3,0.6388994881696098,Nothing,0,2333.2860010022373,Owner
Flat,3,1.8702976676938576,Terrace,0,3358.5323473970648,Owner
Flat,4,8.107452027894016,Garden,0,2081.605488992891,Owner
Flat,4,9.881467017064018,Garden,0,2797.524624980813,Owner
Flat,2,0.7384415541095352,Garden,0,2370.847089923131,Owner
Flat,3,15.22322122757454,Garden,0,2127.662260157022,Owner
Flat,2,1.993609110129775,Terrace,1,2628.196987220747,Owner
House,4,5.428190178299471,Nothing,0,3046.817730667984,Owner
Flat,3,6.9681086231326255,Garden,0,2234.892025439456,Owner
Flat,6,8.355136855348373,Garden,0,9042.226442351486,Owner
Flat,3,14.570733988268428,Terrace,1,4174.961865911822,Owner
House,4,1.8765194369952112,Nothing,1,3435.5015644721384,Owner
Flat,4,9.77750589072291,Balcony,0,2717.417200420756,Owner
Flat,2,0.7060145951758322,Balcony,1,3145.7694839443147,Owner
House,4,6.104592989313401,Terrace,0,3356.105078260872,Owner
Flat,4,6.773546890363093,Garden,0,2501.1110835921086,Owner
Flat,1,5.661723016105115,Garden,1,1996.8323297063248,Owner
Flat,4,1.4538657989522825,Nothing,1,2456.9401665275304,Owner
Flat,5,10.3195399526277,Nothing,0,3598.6180889745315,Owner
Flat,5,0.924775888878609,Terrace,1,5461.888375096956,Owner
Flat,3,0.2756336447784561,Nothing,0,1563.6455471543507,Owner
Flat,4,6.319764045182417,Nothing,1,3063.753992334025,Owner
House,2,3.226317757110416,Garden,0,2590.7211707180095,Owner
Flat,2,9.455623958741025,Balcony,0,2523.2923336558624,Owner
Flat,2,2.4176506345891866,Garden,0,2770.9552061768877,Owner
Flat,1,0.9212886809469957,Garden,0,2260.2984745490617,Owner
Flat,2,9.052943941290195,Nothing,0,1028.2565178223465,Owner
Flat,5,3.980437931239487,Nothing,0,3119.216774912714,Owner
Flat,3,1.0486433748166777,Nothing,0,2775.4482683876,Owner
Flat,7,6.371690202989127,Nothing,0,2541.1903131137788,Owner
Flat,4,3.5781260303149063,Garden,0,3251.134031166062,Owner
Flat,3,4.635658697094391,Garden,0,2503.251757584475,Owner
Flat,4,3.089255569982458,Nothing,0,3095.4607828834555,Owner
Flat,4,8.82195659983044,Terrace,1,2862.916710775696,Owner
Flat,4,8.846939419221181,Nothing,1,1534.7279754098086,Owner
House,4,6.1788453136855495,Nothing,1,4772.029768417019,Owner
Flat,3,0.5569006383157988,Nothing,0,2866.972046215444,Owner
Flat,3,9.127218178311617,Nothing,1,1031.9406436054333,Owner
Flat,2,5.558684917512196,Garden,0,2079.2868301097037,Owner
House,2,5.9705111622159865,Nothing,0,1890.5219605176665,Owner
House,4,2.2547934281565505,Nothing,0,4365.389126184805,Owner
Flat,5,10.571388939487411,Garden,1,2100.0007348196646,Owner
Flat,5,6.461681843451471,Nothing,0,4126.678597159286,Owner
House,7,0.5972434847280181,Balcony,0,4279.317750113522,Owner
Flat,1,2.619368862448958,Nothing,0,2240.265850408866,Owner
Flat,2,10.874494587831098,Garden,1,1842.2144192115265,Owner
Flat,6,0.24173399626215963,Terrace,0,10160.430702863658,Owner
Flat,6,16.274668279520355,Garden,0,3888.544321123076,Owner
House,3,5.684103637505,Nothing,0,3372.596797456034,Owner
House,2,4.989890319927591,Garden,0,2270.8312997346434,Owner
Flat,1,1.5773857161300109,Garden,0,2250.223049928682,Owner
Flat,3,1.430362101447174,Terrace,0,2640.698671702503,Owner
Flat,4,14.241582784253396,Nothing,1,1783.3035287775729,Owner
Flat,2,1.7710503086784237,Garden,0,2220.704038907949,Owner
House,4,7.46951582740636,Garden,0,3166.145127544706,Owner
House,2,2.4971358204079723,Nothing,0,2920.5587517916715,Owner
House,3,0.7497795306042176,Terrace,0,3565.478141255791,Owner
Flat,2,0.053865599617956866,Nothing,0,2662.2479571268955,Owner
Flat,4,3.929134821623789,Garden,0,2085.254851385871,Owner
Flat,2,18.60263881034444,Nothing,0,1943.320451109139,Owner
House,2,2.303326388933802,Garden,1,4010.0173117116174,Owner
Flat,1,2.2095485961504995,Garden,0,2288.39815636401,Owner
Flat,5,2.108670805737301,Nothing,0,2698.2087944488057,Owner
Flat,4,3.675514058943361,Terrace,1,4459.330140179353,Owner
Flat,3,2.90503246235686,Nothing,0,2340.575359609513,Owner
Flat,5,10.597761726074085,Balcony,1,2892.314538522078,Owner
Flat,1,3.5212508737789183,Terrace,0,2030.0070233775998,Owner
Flat,3,3.543922423881031,Terrace,0,3821.5665514764464,Owner
Flat,3,0.7446559281230722,Nothing,1,2934.224863456695,Owner
Flat,3,20.296684976046613,Garden,0,737.7019265153058,Owner
Flat,6,1.4382296379839348,Garden,0,4874.884533134614,Owner
Flat,4,0.38097263919445445,Balcony,1,3949.5503534790087,Owner
Flat,2,5.44053208021805,Terrace,0,2320.8026083712475,Owner
Flat,4,4.523866194801905,Garden,0,2683.820907083592,Owner
Flat,7,2.6819622196771107,Nothing,0,3542.886874401543,Owner
Flat,3,2.742570250984601,Garden,1,2894.090404133468,Owner
House,2,7.6870730112586125,Nothing,1,2907.2450955351947,Owner
Flat,7,1.0889933042426638,Garden,0,3735.3758225396273,Owner
Flat,1,8.58103373389464,Nothing,0,1345.171519137815,Owner
Flat,2,5.231244208494754,Nothing,1,2191.5275127139316,Owner
Flat,4,2.7147624950379514,Garden,0,3772.7869115590142,Owner
Flat,2,3.062710385307899,Nothing,0,1629.2103639258312,Owner
Flat,1,1.4829226243266203,Terrace,1,2520.3372385151297,Owner
House,1,6.9739382902923674,Nothing,1,2369.5398613422503,Owner
Flat,1,3.5961699315594635,Nothing,1,1138.8143833319791,Owner
House,4,1.9345997580578913,Balcony,0,4300.74630498473,Owner
Flat,4,4.532322288144664,Garden,0,2345.6718834576454,Owner
House,2,27.285923153169108,Balcony,0,852.7442245095725,Owner
Flat,4,2.8569693369842635,Garden,0,3110.393248577336,Owner
Flat,2,12.672043585554833,Garden,0,1404.6983458976395,Owner
Flat,4,2.115728767429429,Garden,1,3713.49389483244,Owner
Flat,2,0.2814377083401599,Terrace,0,3162.273477577077,Owner
Flat,5,1.1423014656553134,Nothing,1,3145.9892419129287,Owner
Flat,6,2.7123997473157786,Garden,0,6087.410382861233,Owner
Flat,4,1.2399671426590304,Garden,0,3338.554523078303,Owner
Flat,3,0.0011353199766673677,Nothing,0,2467.2349650506235,Owner
Flat,3,12.325610569014234,Garden,0,2997.7276376452614,Owner
House,4,9.285632827085458,Garden,0,2413.4133598449,Owner
House,4,6.779645081047453,Garden,1,2427.8847771233145,Owner
House,7,0.9185001060743391,Nothing,1,6056.807690031821,Owner
Flat,5,0.6412330583295656,Nothing,0,2833.8399018697532,Owner
Flat,4,0.3499923282386663,Balcony,0,3100.907175301979,Owner
House,2,6.437300876406098,Nothing,1,4211.024320445523,Owner
Flat,4,13.211871371146206,Terrace,0,1774.9629105425074,Owner
House,6,2.8152969847732887,Nothing,0,6151.021296608047,Owner
House,6,0.634286694446645,Nothing,0,7174.845016603047,Owner
House,2,3.5912257890014225,Nothing,1,2266.5778458000286,Owner
Flat,4,2.1449373171720083,Garden,0,2720.9875899459576,Owner
Flat,3,2.3486177371615256,Garden,0,2371.7423788699834,Owner
House,4,4.8554590693818245,Terrace,1,4307.543089502244,Owner
Flat,4,6.341989784111247,Nothing,0,2180.229866228093,Owner
Flat,2,0.586061236596752,Terrace,0,2474.775715575146,Owner
Flat,4,0.18119501455745993,Nothing,0,3108.292561612435,Owner
House,2,25.86309773195701,Nothing,1,673.2283263170989,Owner
Flat,5,1.3245718340327208,Garden,0,3610.972782560172,Owner
Flat,5,0.2766678841507926,Nothing,1,3663.321386672275,Owner
Flat,2,1.0528356423145457,Nothing,0,3141.804738154046,Owner
Flat,4,0.19868503306108903,Nothing,0,4069.541580004063,Owner
House,4,2.486347083925783,Nothing,1,4037.4131246172583,Owner
Flat,5,8.107597621666283,Nothing,0,2986.982836276528,Owner
Flat,5,2.0870137687341686,Garden,0,3580.519942956943,Owner
House,1,2.936584538182011,Nothing,0,1781.7796696591183,Owner
Flat,5,5.628685927925503,Garden,0,5219.692122116584,Owner
Flat,2,3.555477156091545,Nothing,0,2028.432923589737,Owner
Flat,3,9.882464357690331,Nothing,0,779.1992578612075,Owner
Flat,6,10.050908730809612,Balcony,0,3150.4935526174404,Owner
Flat,4,0.04980066673638775,Nothing,1,3919.5589341229597,Owner
House,4,7.526432533147345,Terrace,0,4300.755902062634,Owner
House,3,3.0877279100668584,Terrace,1,2612.2720840186744,Owner
House,2,22.477339135588927,Balcony,0,1079.62867189617,Owner
House,1,3.3008069738118766,Nothing,0,2644.3206382615913,Owner
Flat,4,21.674167921601967,Nothing,0,3246.2781407086973,Owner
Flat,5,7.023704510181924,Nothing,0,2765.0165391076457,Owner
House,3,1.4291182327326566,Garden,0,3117.0812847568004,Owner
Flat,2,3.8652284354302098,Nothing,1,1759.2444434678914,Owner
Flat,1,24.227070263269304,Nothing,1,349.2547644079709,Owner
House,6,9.74314046792972,Garden,1,4821.628478621056,Owner
House,3,0.5121955677309854,Garden,0,3405.271233763313,Owner
Flat,3,6.127208040387446,Garden,1,2582.9963744981837,Owner
Flat,1,2.1200264949748577,Nothing,0,1765.721795325873,Owner
Flat,2,0.03503375967362231,Nothing,0,2232.6589038787183,Owner
Flat,3,2.5832206677789116,Nothing,1,3068.931135245511,Owner
Flat,4,1.3377923965883423,Garden,0,4961.322682611827,Owner
Flat,1,8.54268123052189,Nothing,0,1812.1640473653767,Owner
Flat,2,2.0573953452121447,Garden,0,2006.1588989282316,Owner
Flat,1,8.787477040994844,Balcony,0,1227.820205745994,Owner
Flat,3,0.0029905883575644283,Nothing,1,3605.311066075697,Owner
Flat,4,1.8395400680797123,Garden,0,4524.67669005806,Owner
Flat,5,1.3798559947031106,Nothing,1,4949.515397386171,Owner
House,3,1.330042329500564,Garden,0,3691.2070735165016,Owner
Flat,4,0.35311360073131415,Nothing,0,4454.2580309176565,Owner
Flat,5,1.0358851762558428,Terrace,0,3715.7524719786957,Owner
Flat,2,4.0545837427483145,Terrace,0,2193.279074076346,Owner
House,2,1.7220457637370563,Garden,0,3332.9164943015726,Owner
Flat,4,2.7012273932976782,Garden,1,3316.5414625757903,Owner
Flat,3,2.3649755390741216,Nothing,1,2710.413355449951,Owner
Flat,3,10.433536366477671,Garden,1,2393.063577100616,Owner
Flat,3,11.785153543676273,Nothing,1,1493.020050023216,Owner
Flat,6,3.395797052316041,Nothing,1,4525.3150052421315,Owner
Flat,2,2.0035517767770354,Garden,0,2486.5622825328574,Owner
Flat,4,0.564727735982155,Garden,1,4149.621314509499,Owner
Flat,3,15.331082645374593,Nothing,0,1397.237154121742,Owner
House,2,0.31058431806089415,Nothing,0,3424.4981710112183,Owner
Flat,3,1.7666190945233522,Nothing,0,2504.1184361409473,Owner
Flat,5,1.7695809153208517,Terrace,0,3956.5589295773734,Owner
House,3,1.9312639084102636,Nothing,0,3285.798664155656,Owner
Flat,1,0.8973491936835555,Garden,1,2452.031767706804,Owner
Flat,5,7.643010617979017,Nothing,0,1536.1712167818287,Owner
Flat,6,0.6533794356954463,Nothing,0,4624.0630793107475,Owner
Flat,4,5.038011148725333,Garden,0,2475.811243646943,Owner
House,6,0.6610671744528562,Garden,0,11693.665011090105,Owner
House,6,0.3657340658065671,Garden,0,6296.4276531493815,Owner
Flat,3,12.00813383357463,Garden,0,1303.4709318885016,Owner
Flat,4,1.0544000735833898,Nothing,0,1694.436316036889,Owner
Flat,3,8.608839810390341,Balcony,0,1452.7431837194756,Owner
Flat,8,3.9332345832133426,Garden,1,6159.9130886235935,Owner
Flat,3,0.40527224443641235,Balcony,1,2593.2417141959686,Owner
Flat,2,15.555512648309408,Nothing,0,758.251903541452,Owner
Flat,5,1.418192407260406,Nothing,0,3905.903456343133,Owner
Flat,5,9.817914060771102,Terrace,0,1751.0021047375387,Owner
Flat,5,0.9244843851385582,Garden,1,6735.17777099534,Owner
House,4,9.618787577866016,Nothing,0,1385.8060700234198,Owner
Flat,4,0.06658546538187224,Nothing,0,2483.3520295108096,Owner
Flat,2,3.584950451087789,Garden,1,2621.6006134862846,Owner
Flat,4,7.336276672151887,Garden,0,3147.3389457383028,Owner
Flat,6,13.651135311510124,Garden,0,3116.668843615748,Owner
Flat,3,11.995597600774017,Garden,0,1679.830306486671,Owner
Flat,2,8.563582693298919,Terrace,1,1674.9434980737633,Owner
House,3,10.954831739603526,Nothing,1,2117.7483580973058,Owner
Flat,5,1.1108431699845904,Terrace,1,5870.123087644133,Owner
Flat,2,1.6716627069951087,Nothing,0,2437.556746426915,Owner
Flat,1,1.7051929070598755,Terrace,0,2187.692164497583,Owner
Flat,7,2.3664766527883927,Nothing,1,4421.6096461568295,Owner
House,5,2.4987745740289817,Nothing,1,4251.272604042478,Owner
Flat,5,3.932405144174518,Garden,0,3604.4927635217337,Owner
Flat,3,0.8710512926934543,Balcony,1,3394.7565586633073,Owner
Flat,1,5.87606292773439,Nothing,0,1452.9444423356529,Owner
Flat,5,0.9170099370718936,Garden,0,6190.347961448255,Owner
Flat,4,1.857554284363616,Balcony,0,3036.2547301990994,Owner
Flat,5,3.499299609455716,Terrace,0,2906.9488352093276,Owner
Flat,3,7.958986178905575,Nothing,1,3930.5740296116646,Owner
Flat,2,6.72517159096781,Terrace,0,1810.4359403626793,Owner
Flat,2,5.185719264139445,Nothing,0,2034.4277141643468,Owner
Flat,4,0.8466708593202987,Terrace,1,3593.591388687329,Owner
Flat,3,3.9598162960307586,Nothing,1,2252.14809224486,Owner
Flat,6,0.4575428353977252,Terrace,0,4802.220726546822,Owner
Flat,1,2.368959392421717,Nothing,0,1645.2540160287592,Owner
Flat,3,2.668053979617064,Terrace,0,2289.3237316641066,Owner
House,5,0.2031279828179502,Nothing,0,4608.224597513734,Owner
Flat,3,1.600944361885238,Nothing,1,2117.3347664523567,Owner
Flat,3,15.578152791345701,Terrace,1,997.8862670390733,Owner
Flat,6,15.35579410874071,Garden,0,3846.7946168566564,Owner
Flat,5,2.171847116966015,Garden,0,2702.4021505989012,Owner
Flat,5,0.2202825002621114,Garden,0,4817.112579548695,Owner
Flat,2,0.9867390743107394,Nothing,1,3779.447140045771,Owner
House,5,2.4896933703682147,Garden,0,3854.3670241406667,Owner
Flat,4,14.761419659569102,Garden,0,1084.294971979592,Owner
Flat,3,0.761090612731614,Nothing,0,3973.3889881920727,Owner
Flat,1,7.209370327744139,Balcony,0,1553.3524962299864,Owner
Flat,2,0.5752730898596463,Terrace,0,2636.00345750338,Owner
Flat,4,19.884828678910107,Garden,0,1225.7739496546899,Owner
House,3,2.403232311918166,Nothing,1,6326.675691003757,Owner
Flat,2,7.4634890777812934,Nothing,1,2476.1963223745934,Owner
House,1,2.097245267582794,Nothing,1,2954.68926518777,Owner
House,2,4.939858527310383,Terrace,0,2160.4006078509665,Owner
Flat,2,1.0660656375783344,Nothing,0,2697.451610484331,Owner
Flat,4,0.7892434912818771,Garden,0,4836.2680721672305,Owner
Flat,3,13.90827969287196,Garden,0,1314.4207068194778,Owner
Flat,2,12.48371883853331,Garden,1,1389.636189188589,Owner
Flat,4,10.922630042230313,Terrace,0,1358.1949283718286,Owner
Flat,4,4.909928943261176,Terrace,0,4092.4474933966662,Owner
Flat,3,8.258289084967904,Terrace,1,2958.087068878302,Owner
Flat,7,0.3576783847021495,Garden,1,5187.980733091276,Owner
House,1,2.038255291967881,Terrace,0,2166.8298834637512,Owner
Flat,2,1.8822249106318525,Nothing,0,2608.797391737183,Owner
House,2,5.048137477576721,Terrace,0,3578.0633004920774,Owner
Flat,3,2.1999549294118883,Nothing,0,1916.845406663925,Owner
Flat,3,0.8038187163035273,Garden,0,3109.337158567274,Owner
Flat,2,4.5374859855645395,Nothing,0,2393.4416333806666,Owner
Flat,2,8.420374140282519,Terrace,1,1979.5705622388748,Owner
House,1,2.4073333535811168,Garden,0,3115.2260211964567,Owner
Flat,5,0.7093659592899565,Garden,0,4081.066108766652,Owner
House,2,1.0950617157946794,Nothing,0,2602.2704546732566,Owner
Flat,6,1.3556543794021754,Nothing,0,5580.638136165951,Owner
Flat,2,1.7826432945840842,Terrace,1,3305.7669821010936,Owner
House,2,5.147228148503714,Garden,0,2552.7456864630813,Owner
House,1,4.593286205970265,Nothing,0,1496.2124106659655,Owner
House,3,5.954951573057113,Nothing,0,2376.1836375675052,Owner
Flat,2,2.2510205747250507,Terrace,1,2197.353902517827,Owner
Flat,2,8.686289712209756,Terrace,0,1539.3214907404363,Owner
House,6,1.1413311314114352,Garden,1,6727.755385007718,Owner
Flat,3,3.1653499900349047,Nothing,0,2767.2713648928575,Owner
House,7,8.07071284853173,Balcony,0,9379.761524994045,Owner
House,3,0.9932221514339052,Nothing,0,4944.987494913488,Owner
Flat,5,0.5819001164852889,Terrace,1,4067.126778889292,Owner
House,2,10.75722187944322,Terrace,1,2474.8310692158084,Owner
House,3,2.0998210401133295,Terrace,0,3633.6707270747684,Owner
Flat,1,5.758010763540458,Nothing,0,1877.8288638450913,Owner
House,4,0.1283770737638887,Nothing,0,4318.898893300515,Owner
Flat,4,5.856671229382661,Terrace,0,4390.707156346321,Owner
House,2,1.8997274431331455,Nothing,0,3031.081897875717,Owner
Flat,4,0.2867731550269619,Terrace,1,4451.770294977542,Owner
House,2,4.70564278237165,Terrace,1,3131.6198842777876,Owner
Flat,4,1.3774752906947654,Garden,0,3867.639930647427,Owner
Flat,1,2.4453797115747515,Terrace,0,1872.2857299872971,Owner
House,2,0.4200656300335847,Garden,1,2966.4623781932614,Owner
Flat,1,0.795935672216736,Nothing,1,2269.5479298768546,Owner
Flat,5,1.7689472370675288,Balcony,0,3367.5052940391693,Owner
House,7,0.47023214644833844,Nothing,0,5350.61767218753,Owner
House,4,12.085843649551244,Terrace,0,3454.6659052514674,Owner
Flat,3,0.030327002961936713,Nothing,0,2503.009319007423,Owner
Flat,5,3.306888282559127,Terrace,0,2727.2790789837986,Owner
Flat,2,0.6576524538653421,Garden,0,2573.386879089141,Owner
Flat,1,1.8385284366564467,Balcony,0,2241.3022535790883,Owner
Flat,4,13.022476861313057,Garden,0,2036.290010810862,Owner
Flat,3,0.8818637500620277,Nothing,0,3142.840618394399,Owner
House,4,16.882375513656626,Terrace,0,1059.6767222543517,Owner
House,6,1.1520644010807304,Nothing,1,4506.6479799536155,Owner
House,2,6.765576782451039,Garden,1,2634.290383928791,Owner
Flat,3,3.9557548382169077,Garden,0,2636.5270938485746,Owner
Flat,6,10.79150294663645,Terrace,0,2224.667062137377,Owner
Flat,3,4.037106024430614,Nothing,1,2591.7044611525944,Owner
Flat,4,3.823852032951791,Nothing,0,4019.1870706081727,Owner
Flat,6,1.0874105401548078,Terrace,0,6455.237630423679,Owner
House,2,0.908984644486146,Terrace,0,3919.6206416581153,Owner
Flat,4,12.413893644023844,Garden,0,2250.641162661747,Owner
Flat,7,1.986280959599893,Nothing,0,3021.7270177174923,Owner
Flat,3,2.3267305016637416,Nothing,1,2742.3908950577434,Owner
House,5,7.131909344466029,Garden,0,2050.3382503403486,Owner
Flat,6,2.068672142609829,Terrace,0,6432.315695150431,Owner
Flat,5,15.18928043359221,Garden,1,2973.13989420323,Owner
Flat,4,6.69567561186252,Nothing,0,3204.0764685140584,Owner
Flat,3,4.549422013624883,Garden,0,2781.9601801617973,Owner
Flat,5,10.638755849505417,Nothing,0,1987.4187772874398,Owner
House,4,0.254392735453842,Garden,0,3930.1222175474686,Owner
Flat,7,1.4857180746479344,Nothing,0,4022.8804121711273,Owner
Flat,2,3.1277822441201364,Nothing,0,1787.5508528380944,Owner
Flat,3,1.2872423406502642,Nothing,0,2603.981962848491,Owner
House,2,6.811037704843597,Nothing,0,2127.346637316284,Owner
Flat,3,12.579388563121466,Nothing,0,1021.2017813725103,Owner
Flat,4,2.756243002811302,Garden,0,4381.516788514758,Owner
House,4,2.0937594394579033,Balcony,0,4028.3923710947124,Owner
House,1,16.292078122504407,Garden,0,1155.294021012992,Owner
House,3,2.942606568900544,Nothing,0,10122.86413441524,Owner
House,5,3.3574020519313374,Balcony,1,3776.4262641186065,Owner
Flat,3,2.1666220404518963,Nothing,0,2616.1109026721706,Owner
Flat,6,12.014705925810723,Nothing,0,1927.1596787888338,Owner
House,5,4.207719535815295,Garden,1,3151.1394635522124,Owner
Flat,1,7.181092170419446,Garden,0,2066.2354959869363,Owner
Flat,5,8.351428752002452,Garden,0,2604.7264363170475,Owner
House,3,2.0916047719541604,Terrace,1,2898.5723551339624,Owner
Flat,4,2.843106479415647,Garden,1,2685.112047800285,Owner
Flat,3,9.434916819182005,Garden,0,1049.025306111269,Owner
Flat,3,2.2569328491566294,Nothing,0,2752.1357701212137,Owner
Flat,2,7.897821368013675,Nothing,0,1546.368561480111,Owner
Flat,3,14.15043858842527,Balcony,1,1000.5411246011329,Owner
Flat,2,4.880341330162804,Balcony,0,1147.6799038325717,Owner
Flat,3,6.766760571219642,Garden,0,2258.3359054238636,Owner
Flat,2,8.176274405433674,Nothing,1,1791.9334255724063,Owner
Flat,3,9.322929970591488,Nothing,0,1436.9173954854539,Owner
Flat,7,2.5130749329227053,Garden,1,11623.707051724416,Owner
House,5,0.2631206829634183,Garden,0,5644.759432401976,Owner
Flat,1,2.5697882107342815,Nothing,0,1900.776771366375,Owner
Flat,3,5.600552078255975,Nothing,0,2182.115723157886,Owner
House,6,2.99237134411888,Garden,1,4384.364098992929,Owner
Flat,3,6.910777706523328,Nothing,0,2022.0077865236328,Owner
House,4,2.207916146263214,Balcony,0,3739.650108755832,Owner
Flat,3,5.035785938485179,Balcony,0,2576.4957339152083,Owner
House,2,1.0315538839664775,Nothing,1,3151.461202895501,Owner
Flat,5,6.918876416211574,Nothing,1,3301.314488961261,Owner
House,4,3.9449431642658355,Terrace,0,3460.233469607506,Owner
Flat,4,1.1411849327172885,Nothing,0,2384.388344986956,Owner
House,5,1.725928659983607,Terrace,1,5754.949434711652,Owner
Flat,4,6.903723118836989,Nothing,0,1622.1539777916455,Owner
Flat,2,3.2947069872314065,Terrace,0,2057.471110551202,Owner
House,2,1.216931809890208,Nothing,0,3236.1483468790416,Owner
Flat,3,17.097497802627043,Nothing,1,1211.5881992630027,Owner
Flat,3,6.278524304898707,Garden,0,1688.3519306264247,Owner
Flat,2,15.748478650852594,Nothing,0,1658.9234495257874,Owner
Flat,4,2.7852645215486183,Nothing,0,3117.638583483736,Owner
Flat,1,3.2227407989216728,Nothing,0,2200.1498285525736,Owner
Flat,5,11.411717525227878,Garden,0,2937.668571133465,Owner
House,5,3.72272177271802,Nothing,0,3751.531717392731,Owner
Flat,1,6.142675205466503,Nothing,0,2801.239282575186,Owner
Flat,3,1.452917236831758,Garden,0,3088.2094665309223,Owner
House,2,2.959513840544568,Nothing,0,2735.885116888164,Owner
House,4,0.6588068904692833,Garden,1,4881.602719718678,Owner
Flat,2,1.1532333715965668,Garden,1,3298.9070547669085,Owner
Flat,5,0.004719302819514585,Terrace,1,5841.658077784595,Owner
Flat,6,0.20028358110546202,Terrace,0,5835.039498142885,Owner
Flat,1,18.923389864606172,Nothing,0,440.7826978094977,Owner
Flat,2,1.3876930925721453,Garden,0,3115.024964998889,Owner
Flat,4,5.442973802898314,Nothing,1,2373.002818960381,Owner
Flat,7,9.134851765064848,Garden,1,9390.012501260175,Owner
Flat,3,3.9998823075899823,Garden,1,3090.983602408855,Owner
House,3,0.8311260055428343,Garden,0,3934.878968555261,Owner
House,3,6.511906913898305,Terrace,0,2517.2765805033137,Owner
Flat,4,4.584597273639555,Nothing,0,2562.4331270350826,Agent
Flat,4,6.569879462315672,Nothing,0,1951.9051938226464,Agent
Flat,3,7.342874683334662,Nothing,0,3645.7536998802575,Agent
House,2,18.527151877392395,Garden,1,1493.9343845445003,Agent
Flat,3,4.2614564678911675,Terrace,0,3585.4388364867355,Agent
Flat,4,2.0900253745108897,Terrace,0,2883.7563116520746,Agent
House,2,5.227223694802879,Terrace,0,3115.6454468976895,Agent
House,4,0.35447720063107563,Garden,1,8052.3628010782495,Agent
House,2,11.384456046852655,Nothing,0,4079.24854467428,Agent
Flat,2,0.6356511128522884,Terrace,0,2967.932634703272,Agent
Flat,2,1.9863154680455146,Nothing,1,3623.0322004138748,Agent
Flat,7,8.457183384991586,Terrace,0,1994.6406021395148,Agent
House,7,4.547970749700628,Garden,0,4439.828139692683,Agent
House,2,2.501370110125041,Nothing,0,3243.094026476411,Agent
Flat,6,3.2069087522927227,Garden,0,5224.077077456446,Agent
Flat,5,9.639524859532234,Nothing,1,3733.640043888207,Agent
Flat,4,2.0776104476451933,Nothing,1,6010.867168553799,Agent
House,3,10.18764860296911,Garden,0,2167.344206821537,Agent
House,3,0.4613135107966414,Nothing,0,4293.765978484386,Agent
Flat,1,7.498400233730234,Terrace,0,1425.85712861968,Agent
Flat,3,9.404515398126733,Garden,0,1958.190111069585,Agent
Flat,3,1.0033502446510931,Nothing,0,2396.208680192118,Agent
House,3,2.813635272805919,Garden,0,3809.218805680823,Agent
House,2,0.9046113292735315,Nothing,0,3446.778049173658,Agent
House,3,6.131162431452706,Nothing,1,3041.0432460638344,Agent
Flat,5,3.8323302075369785,Nothing,0,3643.150951300168,Agent
Flat,5,5.043720997085616,Terrace,0,2136.909672052803,Agent
Flat,5,1.093809367976864,Terrace,0,3430.9065796692585,Agent
Flat,4,1.189673655168473,Nothing,1,4368.221925014575,Agent
House,3,0.211914631066632,Garden,0,3895.034185455535,Agent
House,3,1.9435380271816012,Terrace,0,4763.0858197983325,Agent
House,1,4.102002026184067,Terrace,0,2993.42572511948,Agent
House,3,9.757349871303202,Garden,1,2837.1813926888626,Agent
Flat,5,5.496974686168278,Terrace,0,4439.183167518169,Agent
House,3,2.858156256583508,Nothing,1,4705.513656774406,Agent
House,7,15.300832869321738,Nothing,1,4187.7225196429135,Agent
House,3,6.351367952496542,Garden,1,3475.238626923887,Agent
Flat,3,13.308114335561378,Garden,0,1353.2756471799405,Agent
Flat,1,3.749518681013277,Garden,0,2230.566099942847,Agent
Flat,1,1.4981273910731716,Nothing,0,2020.0316944349288,Agent
House,6,0.27136594599265473,Garden,1,6389.704726456345,Agent
Flat,4,6.474684487511171,Nothing,0,4063.6186892858477,Agent
Flat,4,0.6465757417544264,Garden,0,4527.21542427411,Agent
Flat,1,1.8032364611878846,Nothing,0,2624.9781169120533,Agent
Flat,3,3.8014685153209693,Balcony,0,3182.7696148860914,Agent
Flat,3,4.155344844754279,Nothing,0,2863.0152765063995,Agent
Flat,3,4.588748941236248,Garden,0,2558.4714278229335,Agent
Flat,2,0.9091403749788478,Nothing,0,2962.3789533766144,Agent
Flat,1,2.3880617500038115,Garden,1,2998.3800476126403,Agent
House,5,4.801137694201848,Nothing,0,5976.284482368438,Agent
Flat,4,17.502691032642314,Nothing,0,731.1504190296629,Agent
House,4,6.502990099882648,Garden,0,7112.138173426216,Agent
Flat,8,12.794085204151129,Nothing,0,5770.718690379992,Agent
Flat,3,7.181880019041758,Terrace,1,2022.1139505399096,Agent
House,4,4.478973206920344,Garden,0,3685.4011422464664,Agent
Flat,3,1.0661107153887137,Terrace,0,2917.7908115028367,Agent
Flat,3,5.493346229838425,Garden,0,3930.887387842401,Agent
Flat,5,4.88258702481846,Nothing,1,4750.975361706494,Agent
House,8,4.612413946485956,Nothing,0,7176.1976154032845,Agent
Flat,3,3.364623873466977,Garden,1,3042.175399427637,Agent
Flat,6,3.7608418601768125,Terrace,0,6112.558848513134,Agent
Flat,4,2.035651422110911,Nothing,0,3754.744858293952,Agent
Flat,4,3.6626915446453263,Nothing,0,3576.9117365529987,Agent
Flat,2,1.1004654540075027,Terrace,1,3777.771566201126,Agent
Flat,4,8.178252330108547,Nothing,0,2869.0243285628435,Agent
Flat,5,1.0276046954361122,Terrace,1,4425.920772073144,Agent
Flat,4,0.4439718636719816,Balcony,0,4366.273142736713,Agent
Flat,4,2.8656866979984095,Nothing,0,3043.1911069084695,Agent
House,3,5.369219460689436,Terrace,0,3218.805775035086,Agent
Flat,5,2.878748428817034,Terrace,1,5786.984173675712,Agent
Flat,5,1.6200302408773828,Terrace,0,4826.599540459365,Agent
House,2,4.084163828959275,Nothing,1,5057.343163636257,Agent
Flat,3,2.130908630736617,Nothing,1,2899.1258460450294,Agent
Flat,3,13.505449163326036,Terrace,1,2021.329669931435,Agent
House,3,12.796759337628536,Balcony,0,2339.434210819066,Agent
House,4,3.4895105363590826,Terrace,0,3663.1492107860604,Agent
Flat,2,1.9866216270422863,Terrace,1,3745.4629711021435,Agent
House,6,6.680524243554146,Garden,0,3439.391561142579,Agent
Flat,3,0.18701912957678635,Nothing,0,2866.4261283970363,Agent
Flat,2,3.2195856233439093,Terrace,0,2673.9412045024515,Agent
Flat,3,2.0498014385587537,Balcony,0,3330.4391136560894,Agent
House,4,12.662248720822467,Garden,0,2286.1239130916633,Agent
Flat,5,0.060378226400700424,Garden,0,5261.007983474591,Agent
Flat,3,4.023913109115993,Nothing,0,3075.8429599647748,Agent
Flat,3,6.748145726709836,Balcony,0,2376.714249659781,Agent
Flat,4,3.3181165307975946,Garden,0,2564.547625821445,Agent
Flat,1,0.44635890432634356,Terrace,0,2960.565668990458,Agent
Flat,3,17.96083130004628,Balcony,0,1985.6181767112357,Agent
Flat,4,3.6491640351242474,Garden,0,3782.5503240664907,Agent
Flat,1,4.762002620964084,Balcony,0,1949.1069581058139,Agent
Flat,5,1.3499297670397967,Terrace,0,4445.4205342198775,Agent
Flat,3,3.303381414942359,Terrace,0,3788.110054049338,Agent
Flat,4,2.8031395544308073,Balcony,1,3359.9195919620493,Agent
Flat,5,0.38924472283941136,Terrace,0,4474.488027425254,Agent
House,4,0.5611444314044407,Nothing,1,5378.272835682064,Agent
Flat,3,9.084540907357626,Balcony,0,2693.49278792282,Agent
Flat,4,1.3709998438399396,Garden,0,5558.139751928853,Agent
Flat,3,1.0843058312969118,Garden,0,2979.052215845471,Agent
Flat,1,3.5150932302417464,Terrace,0,1991.888436973035,Agent
Flat,2,7.3212174887384,Nothing,0,2956.2457680369507,Agent
Flat,4,0.3197415758048822,Garden,0,4355.305780133618,Agent
Flat,3,4.299645561570667,Nothing,0,3022.3443809554437,Agent
Flat,4,0.6346827486498934,Garden,0,4881.527298437929,Agent
Flat,2,0.18571183634875682,Terrace,0,3227.0804871056125,Agent
Flat,4,0.2709292223847981,Nothing,1,5644.482537001057,Agent
Flat,2,8.98378291640906,Balcony,0,3417.193509650422,Agent
Flat,2,0.6276601288068672,Terrace,0,2327.4186874427946,Agent
Flat,1,0.23101223915072286,Garden,0,3130.478303541186,Agent
Flat,5,2.8803765409826503,Nothing,0,5272.793889134673,Agent
Flat,7,9.289287130413296,Garden,1,4160.606328549255,Agent
Flat,5,1.5218248160799044,Nothing,0,4423.213274228853,Agent
House,5,2.738421661806102,Garden,0,7450.024270002813,Agent
Flat,5,0.2037065126492444,Nothing,1,10942.196480655413,Agent
Flat,4,2.9808148693756924,Balcony,0,2809.5926413114325,Agent
House,4,4.309167572435212,Nothing,0,4182.739837389091,Agent
House,4,4.230408628003247,Balcony,1,4262.915312584223,Agent
Flat,3,2.020530351400584,Nothing,0,2415.5012308116075,Agent
Flat,3,1.8955755486777095,Garden,0,2794.4979392346327,Agent
House,4,0.5637365377439869,Garden,0,5559.2324282696145,Agent
Flat,2,2.2848314940464514,Terrace,0,3014.9422431606326,Agent
Flat,1,0.5239959709907936,Garden,0,2685.4606367322417,Agent
Flat,5,7.2749209221968485,Garden,1,4844.8236580826415,Agent
Flat,2,16.947475271097957,Nothing,0,2531.050512239175,Agent
Flat,2,17.545214356009524,Nothing,1,1798.6976975471068,Agent
Flat,4,10.015036506594138,Balcony,1,3797.821853124749,Agent
Flat,6,4.591365343776415,Nothing,0,5540.1029732508405,Agent
Flat,5,6.0343131667104855,Terrace,0,6201.253236256843,Agent
Flat,4,1.6788030681875032,Garden,0,4002.3946033660363,Agent
Flat,8,4.981683304268637,Nothing,1,7769.855808703605,Agent
Flat,4,3.0408101447615032,Nothing,1,3946.045950731336,Agent
Flat,2,3.2890675587788962,Nothing,0,3717.8438095110146,Agent
House,1,7.0894733728686665,Garden,0,3137.778699875679,Agent
Flat,4,1.6558600276558297,Nothing,0,3070.3811704550085,Agent
Flat,2,1.9139185224449948,Garden,1,2992.869237228555,Agent
Flat,3,12.927512083135063,Garden,0,1362.659148919949,Agent
Flat,2,0.28933370772913336,Garden,0,3240.8162520230126,Agent
Flat,3,3.3241039241198522,Nothing,1,2989.017832382374,Agent
Flat,2,12.19780063549285,Nothing,0,2187.838301187657,Agent
Flat,3,4.7126988129455,Nothing,0,2172.137751026522,Agent
Flat,5,3.952775611979838,Terrace,0,3213.2971050760925,Agent
Flat,4,1.4367051812518892,Balcony,0,3259.769942376617,Agent
Flat,5,2.102453310392968,Garden,0,4516.568139147389,Agent
Flat,2,9.554350962767268,Garden,1,4569.072388953224,Agent
Flat,2,4.096025778827216,Balcony,0,2283.918547024043,Agent
Flat,3,3.6153748500393164,Nothing,0,2984.7902739216524,Agent
House,3,0.524468198529216,Terrace,0,3813.564259634834,Agent
Flat,3,0.08078998311470881,Garden,0,6080.0093856899775,Agent
Flat,2,16.577647978903975,Garden,0,2377.893011676385,Agent
House,5,2.3659327852463403,Garden,1,7137.745787785923,Agent
Flat,1,4.621779113553947,Terrace,1,2450.907981481806,Agent
Flat,7,0.4153597691492223,Nothing,0,5028.164291636254,Agent
Flat,3,5.746070464472279,Nothing,0,2386.2547855600915,Agent
Flat,4,13.48308223448412,Nothing,0,1754.0570264202795,Agent
Flat,4,4.2861631879595805,Terrace,1,4165.291267744706,Agent
Flat,1,0.6740342991521535,Balcony,0,2573.781226198275,Agent
Flat,5,4.358039330275023,Garden,1,4810.9323632155265,Agent
Flat,2,7.269595411285781,Nothing,0,2430.172188847674,Agent
Flat,5,2.6078872281344023,Nothing,1,3266.337649260293,Agent
Flat,2,10.594561744885315,Garden,1,3417.255746642046,Agent
Flat,3,5.230330982140458,Terrace,1,4309.641361528382,Agent
Flat,4,11.475511708146918,Terrace,0,2398.825502445846,Agent
House,2,4.8842566937016505,Nothing,0,2058.3937044957243,Agent
Flat,3,0.7037179592046167,Nothing,0,5963.079949143127,Agent
Flat,1,1.853084928372473,Terrace,1,3141.750153215062,Agent
Flat,4,1.1269487873151105,Terrace,0,4533.399068482822,Agent
Flat,7,11.97495484629651,Garden,1,5203.016777300509,Agent
Flat,4,7.143923467867238,Garden,1,2934.785317013422,Agent
Flat,6,5.6412102667967385,Garden,0,2884.9350313271248,Agent
Flat,5,1.7902817713168635,Garden,1,5957.400105722833,Agent
Flat,4,1.0169789661595643,Nothing,0,5109.019614973173,Agent
Flat,2,7.062187429746098,Nothing,0,1623.8063532745118,Agent
House,4,3.213771943366735,Garden,0,4285.7306587705925,Agent
Flat,2,1.2795577295166711,Nothing,0,2738.099787878361,Agent
Flat,6,4.793668871942185,Garden,1,4470.508100309255,Agent
Flat,5,0.20584908823963646,Balcony,0,4158.324002126419,Agent
House,2,1.973889012717029,Garden,0,4463.453822912152,Agent
Flat,4,3.1607966021174843,Balcony,0,5129.92321502029,Agent
Flat,5,0.800599248605534,Garden,1,5937.161022019941,Agent
House,2,20.884657736152672,Terrace,0,876.7626644768612,Agent
House,3,1.1729020464797122,Terrace,1,3687.695125191699,Agent
House,2,0.6983402316664269,Nothing,0,3634.073837303248,Agent
Flat,4,1.1378596725190913,Garden,0,3352.636387963083,Agent
Flat,5,7.328011245991459,Garden,0,3521.3362339314845,Agent
Flat,7,2.771325162598201,Garden,0,5512.5997598319655,Agent
House,3,4.166829443337638,Nothing,1,6135.184931613113,Agent
Flat,6,0.10616494951648639,Garden,0,7958.565301844686,Agent
Flat,2,0.1751901684096702,Nothing,1,2902.749240998696,Agent
Flat,1,2.951378748969702,Terrace,0,2242.7099514324514,Agent
House,4,8.481934907777898,Terrace,0,3685.212238965222,Agent
Flat,3,10.824512585782784,Terrace,1,2498.8440674505505,Agent
Flat,4,0.4534902818547664,Garden,1,5102.795269607069,Agent
Flat,7,3.8648831609652516,Garden,0,4702.044421197002,Agent
Flat,6,12.222453618197719,Balcony,0,3602.3834489717606,Agent
Flat,6,2.4548923925152417,Terrace,0,5267.066148530335,Agent
Flat,7,8.847030824508789,Garden,0,5324.738228192706,Agent
Flat,4,0.7175949691092814,Garden,1,5755.074706856678,Agent
Flat,3,13.69727786285637,Nothing,1,1481.6308347228864,Agent
Flat,5,6.960019498419614,Garden,0,3564.4700449032593,Agent
Flat,3,14.179508158214002,Nothing,1,1271.9805972556994,Agent
Flat,5,5.644593109592982,Nothing,0,2919.032641632432,Agent
Flat,1,2.258099703576552,Garden,0,1773.151567160887,Agent
Flat,8,13.917736546059395,Garden,0,7124.258139352091,Agent
Flat,2,1.611828451439742,Garden,0,3588.610548786198,Agent
Flat,5,2.018627026807612,Nothing,0,5081.039484062483,Agent
Flat,2,6.033355841550835,Nothing,0,2545.7868854455846,Agent
House,1,7.247583134383784,Nothing,0,2781.4541173729613,Agent
Flat,2,13.253872410029023,Nothing,0,2773.601625704079,Agent
House,5,1.1458232657080352,Nothing,1,3065.372142502449,Agent
Flat,5,7.997389274953654,Garden,0,3385.444201750571,Agent
Flat,3,6.707485617017292,Garden,0,2295.27610712974,Agent
House,6,0.3296016770357838,Nothing,1,5001.324072043087,Agent
Flat,2,2.448772121701424,Garden,1,3577.459434753015,Agent
Flat,5,1.6617618740132432,Garden,1,4084.528904581322,Agent
Flat,2,1.815552498552928,Nothing,0,3094.690641689078,Agent
Flat,2,20.35711037339319,Terrace,0,1030.5960605801852,Agent
House,3,5.1469809991990045,Nothing,0,2946.328330648659,Agent
House,2,6.323502451526385,Nothing,0,2470.6559811037164,Agent
House,6,18.77886636113732,Garden,1,1661.4600572636677,Agent
Flat,3,2.3676635051643706,Nothing,0,1957.891344507503,Agent
Flat,2,8.093406719431021,Garden,0,1899.1859541366093,Agent
House,3,2.8504986938955605,Balcony,0,2975.249973868304,Agent
Flat,3,10.183200535417038,Terrace,0,1866.5889431236014,Agent
Flat,3,0.9962657002461488,Garden,1,3570.2065557030983,Agent
Flat,2,14.752473209791939,Terrace,0,2089.3908893707217,Agent
Flat,4,1.2344393254175554,Garden,0,5310.143918200172,Agent
House,3,1.974261916458344,Terrace,0,4236.299483129231,Agent
Flat,4,7.056876044507961,Balcony,0,2887.321150473833,Agent
House,4,2.502356588495185,Nothing,0,3580.9169675227486,Agent
Flat,4,4.685164055357775,Nothing,0,3163.1894820960792,Agent
Flat,5,2.9400949690668092,Garden,0,4809.31505952984,Agent
Flat,5,6.781152938586439,Balcony,1,4829.076047212562,Agent
House,5,1.2959995220950262,Balcony,1,4596.779950281654,Agent
Flat,4,0.30118154329465263,Garden,1,4282.771265971351,Agent
Flat,3,1.782870441360368,Nothing,1,3078.3264082478777,Agent
Flat,3,3.215205269135781,Nothing,0,2829.127140824181,Agent
House,5,0.9197346982224508,Garden,0,5526.972224396569,Agent
Flat,4,2.190953659796779,Balcony,0,3493.32815225308,Agent
House,3,2.5539866066122805,Garden,1,4659.95678671506,Agent
Flat,2,0.29552305768193454,Nothing,1,2919.6034310089603,Agent
Flat,6,4.377030674777809,Garden,1,10002.357461797494,Agent
Flat,4,10.785650325194624,Nothing,0,1487.0600141035811,Agent
Flat,4,0.8228576022456812,Nothing,1,3754.8190340847727,Agent
Flat,3,4.554128628821411,Balcony,0,2237.610001018525,Agent
Flat,3,5.464232786109861,Terrace,0,3978.3841235262917,Agent
Flat,1,2.7179036506796725,Nothing,0,2920.3475310111266,Agent
House,5,6.038190690047156,Terrace,0,2500.2115188608286,Agent
Flat,3,2.6443670781082584,Garden,0,3547.0482021404873,Agent
Flat,3,3.5123251659203096,Balcony,0,3043.9381331910763,Agent
House,2,0.03690105720673507,Nothing,0,4733.828468392329,Agent
Flat,4,5.883735941515056,Nothing,0,2111.521818416953,Agent
Flat,3,5.413832676009013,Nothing,1,2932.6428354835334,Agent
House,5,0.19578813781308682,Nothing,0,5634.854936918386,Agent
Flat,3,2.2963085135505064,Nothing,0,3029.859568701332,Agent
Flat,2,19.323751100352617,Nothing,1,337.85662239354696,Agent
Flat,5,2.7299895897809288,Garden,1,6222.7319284337555,Agent
House,1,3.4852278985845384,Terrace,0,2883.572632307776,Agent
Flat,1,12.035849445762416,Nothing,0,1324.9998464248572,Agent
Flat,4,6.316170830807772,Nothing,0,4093.172930528182,Agent
House,1,4.362208191713996,Nothing,0,2482.6851459385452,Agent
House,3,7.9926056234838905,Garden,0,3236.011216834083,Agent
Flat,2,9.988985809830007,Nothing,1,1775.7867828101143,Agent
Flat,3,3.0521992544632415,Nothing,0,3379.171897660625,Agent
Flat,5,3.222817235449181,Garden,1,5112.307136913347,Agent
Flat,4,2.439216556819023,Terrace,1,4170.9309346751415,Agent
Flat,3,17.011911419677435,Garden,1,1113.9621398814365,Agent
Flat,1,5.972856590439909,Balcony,0,2551.747209681935,Agent
House,4,0.4344554640734276,Garden,1,6698.752984502737,Agent
House,2,9.93739838116295,Terrace,0,1478.283432507921,Agent
Flat,6,3.2750192844142205,Terrace,0,7369.816867869806,Agent
House,6,0.3561585205662998,Nothing,0,6318.053358034962,Agent
Flat,3,3.9893978583499825,Nothing,0,2343.932737925974,Agent
House,6,2.699249572296216,Nothing,1,2638.3879638868475,Agent
Flat,1,10.50841141219809,Garden,0,1830.3188189489952,Agent
Flat,3,1.1407465688777112,Garden,0,3304.390740957058,Agent
House,4,8.75686860262072,Nothing,0,2726.3159952408455,Agent
Flat,2,4.078706631177119,Garden,0,3203.6582022532684,Agent
Flat,2,0.28079029470381955,Nothing,0,3020.344469479301,Agent
Flat,4,17.85020511355982,Nothing,1,1612.7482366630798,Agent
Flat,3,3.5935070732554744,Terrace,0,2809.445488452799,Agent
Flat,8,1.7186303907754372,Nothing,0,6251.491639301102,Agent
Flat,1,3.1687986608871324,Garden,0,2001.8200742110312,Agent
Flat,3,9.754635990236144,Balcony,0,3021.6318003268952,Agent
Flat,6,1.8185202687856585,Nothing,0,4595.056696458227,Agent
Flat,2,1.0701534770501977,Balcony,0,3517.50506266528,Agent
Flat,2,0.690975522387576,Nothing,1,5894.89133186787,Agent
House,3,1.768108039088484,Garden,0,3285.492152270051,Agent
Flat,4,7.5717316698802595,Terrace,0,3753.007749640435,Agent
Flat,3,3.1897580193027464,Terrace,0,2695.2581043435393,Agent
Flat,2,1.2904972825242003,Nothing,1,2749.500876858647,Agent
House,5,0.9087186165179261,Garden,0,5849.63255189538,Agent
Flat,7,2.0227986642481524,Balcony,0,6203.811783905253,Agent
Flat,1,14.060755292789032,Nothing,1,1125.080604999851,Agent
Flat,3,2.10055959878204,Garden,0,3334.762995258827,Agent
Flat,3,22.16621058871158,Nothing,0,657.4262970073315,Agent
Flat,3,3.3201798269678733,Terrace,0,4175.547476387272,Agent
House,3,0.9871592316682497,Nothing,0,3261.6163025993305,Agent
House,3,11.08846734600884,Nothing,0,2255.6797647450176,Agent
Flat,3,3.0842222723172408,Garden,0,3278.099992870461,Agent
Flat,6,6.183708497195263,Terrace,0,2624.628957489178,Agent
House,2,20.586505250561608,Nothing,0,1930.7067623916232,Agent
Flat,1,0.25738945354293113,Terrace,0,4287.2993470923075,Agent
Flat,3,0.5084726612342598,Nothing,1,2939.0366113718396,Agent
Flat,4,6.3729911360493645,Terrace,1,2803.932030147546,Agent
Flat,5,1.6552100581501072,Garden,1,5645.990272589039,Agent
Flat,3,1.01855175627672,Balcony,0,4104.743932489705,Agent
Flat,2,0.2007875341000006,Nothing,0,3250.215141338416,Agent
House,4,0.1104444250936431,Balcony,0,4877.706909898565,Agent
House,5,7.4468563890961414,Nothing,0,5290.481409548452,Agent
Flat,4,0.7218549460335216,Nothing,1,4483.797935802928,Agent
Flat,2,3.1529338476935247,Balcony,0,2756.4073764314567,Agent
House,3,4.655712567820531,Garden,0,6330.326979676806,Agent
House,5,2.796157563870309,Nothing,0,7345.96135152922,Agent
Flat,2,0.13740407330152613,Balcony,0,2096.9409643174567,Agent
House,4,7.650858359617665,Nothing,0,2176.9148290508756,Agent
House,3,0.0528443945082271,Terrace,0,3417.493128020633,Agent
Flat,5,7.175110418121385,Terrace,0,2236.566136665868,Agent
Flat,2,11.188881188318529,Nothing,1,2886.1702283986406,Agent
Flat,4,2.83556844461547,Balcony,0,3191.5939352435184,Agent
Flat,2,3.834425816125082,Terrace,1,4502.931287923693,Agent
Flat,3,3.240710306721102,Balcony,1,2088.510815164034,Agent
House,2,2.4649990806133593,Balcony,0,2297.9524637803784,Agent
Flat,4,10.920657427566516,Terrace,1,2973.086821077338,Agent
Flat,7,11.218445618418789,Nothing,0,5851.198723278448,Agent
Flat,5,2.045983042331863,Balcony,1,5634.65627476365,Agent
Flat,4,4.773465701841266,Terrace,0,2187.7514521132553,Agent
House,5,13.080151834527406,Nothing,0,1557.1963145746731,Agent
Flat,5,16.358548756225147,Garden,0,1963.03486824349,Agent
Flat,3,3.556138669689523,Garden,0,2711.9975983420386,Agent
Flat,1,3.014931224978737,Nothing,1,2730.0222526145362,Agent
Flat,2,1.6334612959409631,Nothing,0,3309.7895508090933,Agent
Flat,6,15.95531520471371,Terrace,0,3566.3846998686213,Agent
Flat,5,0.7705035148056729,Nothing,0,4179.3899054914455,Agent
Flat,2,4.335474393463496,Garden,1,4281.219941923153,Agent
Flat,4,1.6602619653102622,Nothing,0,3466.6482071767887,Agent
Flat,4,1.6356382008261607,Terrace,0,3506.3042922536565,Agent
Flat,3,2.5957054025217245,Terrace,0,4059.5433683211763,Agent
House,2,33.59782080761886,Balcony,1,1143.5869829781402,Agent
Flat,4,0.2826734899311677,Garden,0,2732.6594736275297,Agent
Flat,2,4.3201735964095525,Garden,0,2371.3624900769123,Agent
Flat,1,0.43090674253086986,Nothing,0,2187.369722445958,Agent
Flat,3,0.8392587362282147,Terrace,1,4172.888142488079,Agent
Flat,2,2.895191692672631,Terrace,0,1951.2916426580077,Agent
Flat,4,3.57144686309625,Garden,0,3558.6991307045023,Agent
House,4,1.4973727113287703,Garden,0,3559.0202476080635,Agent
Flat,1,1.9023295238839042,Nothing,1,2786.1395086436164,Agent
Flat,3,0.45491638323689626,Terrace,1,4282.934078097879,Agent
Flat,2,1.8064262313775978,Terrace,0,2547.0116768306257,Agent
House,3,16.989779113062543,Garden,0,3203.5782541942604,Agent
Flat,5,14.475579317476619,Nothing,0,3198.341252077767,Agent
Flat,4,2.0389261636121576,Garden,0,3580.9129034739003,Agent
Flat,2,4.229789715639278,Garden,0,3559.1939105760516,Agent
Flat,4,12.01730014798798,Terrace,0,1197.8338739710177,Agent
Flat,4,0.031015108309698315,Garden,0,5555.074154500215,Agent
House,4,8.321677164334286,Garden,1,7365.483931700651,Agent
Flat,3,14.818218591413173,Nothing,0,1615.227788632177,Agent
Flat,3,0.4788429631317092,Nothing,0,3529.341347292071,Agent
Flat,3,0.8803915486109798,Nothing,0,2739.287924294595,Agent
Flat,4,16.188548211409138,Terrace,0,3018.963233088789,Agent
Flat,2,3.8559776142847406,Garden,0,2905.902244569649,Agent
Flat,4,0.07149185354754567,Garden,0,3606.743906822122,Agent
House,1,1.4895510011091286,Nothing,0,3392.8962300948483,Agent
Flat,3,2.988672977894771,Terrace,1,2883.0469181028816,Agent
Flat,5,5.903054343219857,Nothing,1,3332.982955893762,Agent
Flat,3,6.605537341168576,Garden,0,2498.0973857960175,Agent
Flat,6,26.931933342485248,Terrace,0,2787.226972980076,Agent
Flat,4,1.6949554269810665,Garden,0,3826.2596285454724,Agent
Flat,1,3.8633345619544324,Terrace,0,1859.7386057199083,Agent
Flat,6,3.810595416972328,Nothing,0,4836.86069458361,Agent
House,4,2.60139465779218,Nothing,1,5291.653010614585,Agent
House,4,0.9266016060389448,Terrace,1,6217.088552545686,Agent
Flat,5,18.961556528390346,Terrace,1,2977.474594464994,Agent
Flat,4,9.597413779439295,Nothing,0,3232.352806781839,Agent
Flat,2,3.4490939120805053,Nothing,1,2555.948523873676,Agent
Flat,4,4.622186913069447,Garden,1,2500.7069611027373,Agent
Flat,4,1.2890700112906384,Terrace,0,4238.979768769447,Agent
Flat,4,3.9239781378005087,Garden,0,3422.1686768736713,Agent
Flat,4,5.936727914885518,Terrace,1,4368.35979034093,Agent
Flat,4,3.6197541789296137,Terrace,0,3257.2114165867224,Agent
Flat,4,23.170508776151685,Terrace,0,488.45723276956426,Agent
Flat,4,4.725273074927703,Balcony,0,4146.13919863887,Agent
Flat,2,2.3179111538684225,Garden,0,3162.229557990544,Agent
Flat,2,7.395383301091531,Terrace,0,1281.5084241113254,Agent
Flat,5,0.9344348818922593,Nothing,1,4458.466627557951,Agent
Flat,2,2.4267301307151667,Nothing,0,2901.523374606992,Agent
House,1,2.1305764427688483,Balcony,0,2302.003697961628,Agent
Flat,2,2.826471483150584,Nothing,0,2045.649839481459,Agent
Flat,4,7.611253765342133,Nothing,0,2291.754857744391,Agent
Flat,4,3.309919516937448,Garden,0,5732.056069444356,Agent
Flat,5,7.899746297875579,Garden,0,2043.6606180979163,Agent
Flat,2,4.29587781246959,Nothing,0,2057.74424568534,Agent
Flat,4,2.0932793851026203,Nothing,0,2693.2402665901564,Agent
House,4,8.30309668864543,Nothing,0,3459.2888352425234,Agent
House,7,1.360944703258735,Nothing,0,4051.0681449078356,Agent
Flat,2,1.2704820564755195,Nothing,0,1935.9785108035055,Agent
Flat,4,3.5109691322508203,Terrace,0,3682.8213163074083,Agent
Flat,5,1.5112669074681186,Garden,1,6591.596091049205,Agent
Flat,2,0.04564286944328279,Garden,0,3708.279990116036,Agent
House,4,5.224848544077591,Terrace,0,3021.6493624702985,Agent
Flat,4,3.577923359336209,Nothing,0,3056.3418440246483,Agent
Flat,1,2.9486029991851916,Terrace,0,2657.2477019210514,Agent
Flat,3,17.05147034953414,Nothing,1,2081.700228778376,Agent
Flat,1,4.233813830778963,Garden,0,1852.2227343305537,Agent
Flat,6,9.954647641652643,Terrace,0,3158.5959945914415,Agent
Flat,4,0.750919168739037,Garden,0,4670.922612068347,Agent
Flat,2,4.210631682170712,Terrace,0,2031.6284459660249,Agent
House,2,10.123995126788541,Nothing,1,3060.8769815690753,Agent
House,3,4.374613519645215,Nothing,0,2398.3686259664,Agent
Flat,6,6.329492431770306,Nothing,0,4404.196040667287,Agent
Flat,4,2.326422452088375,Garden,0,4000.500283248071,Agent
Flat,2,0.4850304289052596,Terrace,0,3312.197747552866,Agent
Flat,2,3.061526685652196,Balcony,1,3278.915238138858,Agent
Flat,7,2.5083333998424107,Terrace,0,7658.412094790086,Agent
Flat,3,10.089293761294103,Nothing,0,2075.9058092695846,Agent
Flat,3,1.398538445012143,Nothing,0,3796.715380623858,Agent
Flat,3,17.016131322534825,Nothing,0,972.7607036687954,Agent
Flat,3,15.866898233462193,Garden,0,1727.6440529748,Agent
Flat,3,1.422646193108916,Nothing,0,2809.456176654318,Agent
House,1,2.1389520327275795,Garden,0,3108.3383025727003,Agent
House,2,11.29550877690156,Nothing,0,2322.1938721078277,Agent
Flat,3,16.99932448348955,Balcony,0,3622.264277233886,Agent
House,2,2.9298934269369536,Balcony,1,3948.042945167995,Agent
Flat,4,1.9356490019428678,Terrace,0,3458.5306651738606,Agent
House,6,3.7337315857610225,Nothing,0,3933.9806966023525,Agent
House,3,5.820063207231278,Garden,0,3601.89185240357,Agent
Flat,5,1.5974085897829629,Balcony,0,4234.613498085121,Agent
Flat,2,6.668000560401078,Nothing,0,1378.2083145485024,Agent
Flat,5,0.2651970219359077,Balcony,1,7480.65190498786,Agent
Flat,5,0.252754654061188,Garden,0,4239.754271553081,Agent
Flat,2,2.4411451790312495,Terrace,0,2906.806465899482,Agent
Flat,3,2.1807030768327,Balcony,0,3121.426310182199,Agent
Flat,3,1.8963063511938427,Nothing,0,4385.488411664093,Agent
House,5,3.3767304482344684,Nothing,0,5101.674313217121,Agent
House,3,1.9337093032494221,Terrace,1,4162.469227243931,Agent
Flat,4,1.0675623872149762,Nothing,0,3406.052695174631,Agent
Flat,1,1.851476036529416,Terrace,0,2392.923461240603,Agent
Flat,5,18.425288394094434,Garden,0,667.0699199789581,Agent
Flat,4,2.6476083621871953,Garden,0,3419.9119812547533,Agent
House,2,2.941348899641984,Terrace,0,3250.046285343309,Agent
Flat,2,4.296540020920419,Garden,0,2923.584592472194,Agent
Flat,3,20.47395383305034,Nothing,0,1098.2183781151325,Agent
Flat,5,1.3827300555338742,Nothing,0,4538.994780221467,Agent
Flat,3,5.71724463254645,Garden,0,3814.642810623575,Agent
Flat,4,6.293635731467112,Terrace,0,4817.812155528821,Agent
House,2,4.673857480194014,Nothing,0,2724.0450469508473,Agent
Flat,3,0.46374817200398677,Nothing,0,3543.0190235478144,Agent
Flat,5,5.64853801523644,Nothing,0,3171.78801428786,Agent
Flat,5,0.3312049731437815,Terrace,0,4004.009943103224,Agent
House,5,4.533467781591341,Nothing,0,5111.152390105108,Agent
House,2,6.72732043582701,Terrace,1,3315.236489717746,Agent
Flat,5,1.1847539870973123,Terrace,0,5550.066670421913,Agent
Flat,4,9.21385372880897,Garden,0,2390.6991967987233,Agent
Flat,3,0.15412010996799702,Garden,0,2756.6453579081963,Agent
Flat,2,9.283501993670866,Terrace,0,1638.7444621670002,Agent
House,4,3.0839783909849694,Garden,0,4369.917164148172,Agent
Flat,4,1.2268687309126556,Garden,0,4571.780051050741,Agent
Flat,2,0.7180710980969138,Nothing,0,2760.757968928487,Agent
Flat,6,15.320823037540091,Garden,0,1944.320917984282,Agent
Flat,7,0.3772051576196155,Terrace,0,6831.303960936873,Agent
Flat,4,1.1100548392448715,Terrace,1,3843.5760585840526,Agent
Flat,2,2.137191404536912,Nothing,0,1919.153374230377,Agent
Flat,4,4.841011204494486,Terrace,0,3751.422993607114,Agent
Flat,2,3.9351039017353178,Garden,0,2633.2221808415325,Agent
Flat,2,0.671335415390899,Terrace,0,3816.9799175503554,Agent
Flat,2,1.71053630411802,Nothing,0,3510.7245547929483,Agent
Flat,2,1.36397893255261,Nothing,0,2628.6882206676996,Agent
Flat,4,1.2010852277966628,Terrace,0,7188.653543909726,Agent
Flat,3,2.6478708940377493,Balcony,0,2929.7721799799724,Agent
Flat,1,6.08751044529768,Nothing,1,2329.868660300728,Agent
Flat,1,1.226006039278473,Garden,1,2324.649537114104,Agent
Flat,6,2.283888432115991,Nothing,0,5169.755309768953,Agent
Flat,2,2.479007161768635,Terrace,0,2744.7584605231045,Agent
House,3,18.744533776833784,Garden,0,950.8200138148062,Agent
Flat,1,15.468529241937958,Balcony,0,1295.7326287169603,Agent
Flat,4,8.050630314578598,Garden,0,2740.185001120602,Agent
Flat,2,1.383110110064952,Nothing,0,3149.5299037898344,Agent
Flat,2,0.3523125083853791,Nothing,1,2772.6584416226488,Agent
Flat,4,1.9056003726596442,Garden,0,6751.834406149902,Agent
Flat,3,1.5516466455118114,Nothing,0,2361.521051219334,Agent
Flat,2,3.5253478547030976,Garden,0,3067.2841534160784,Agent
Flat,1,7.5192650862815515,Terrace,1,1238.8777828057255,Agent
Flat,5,9.771025143988215,Garden,0,5016.248817191329,Agent
House,1,9.317268389840109,Nothing,0,959.0295344680889,Agent
Flat,2,2.2289014774395017,Nothing,0,2494.896102988768,Agent
Flat,3,5.811505350055038,Nothing,1,2798.4960769698173,Agent
Flat,4,1.8758983655938077,Nothing,0,5231.179143841421,Agent
Flat,2,0.31419605949613155,Nothing,1,2966.4509184898466,Agent
Flat,6,6.046020076459111,Nothing,0,3587.426234222106,Agent
Flat,3,0.049380808496267525,Nothing,0,3622.394910203384,Agent
Flat,5,2.631241279700745,Nothing,0,4926.793301027734,Agent
House,4,1.9977576588575598,Terrace,0,3912.1412184808087,Agent
House,4,5.910690276707358,Garden,0,5525.420859207144,Agent
Flat,5,7.267418715654293,Terrace,1,4422.961299286407,Agent
Flat,3,1.812707995578756,Garden,0,2719.845328152519,Agent
Flat,5,8.346656579470675,Terrace,0,4365.937491809519,Agent
Flat,3,1.7401107273569383,Terrace,0,3243.9500840462097,Agent
Flat,6,2.955899316347989,Nothing,0,5211.501700337431,Agent
House,4,6.491756753103576,Garden,0,2796.6145939759617,Agent
Flat,4,5.903238627443741,Garden,0,3959.628480083136,Agent
House,4,21.85779696431995,Terrace,0,368.24175241523034,Agent
Flat,2,1.2755002219923774,Nothing,0,3154.743920567366,Agent
